Workbook

Sheet INFORMATION
B3: DROMIC REPORT INFORMATION
B6: FIELD OFFICE | C6: FO 1
B7: DISASTER NAME: | C7: TD PILANDOK, SOUTHWEST MONSOON
B8: CONSOLIDATOR/S:
B9: TEMPLATE VERSION: | C9: 3.1
B10: INCIDENT REPORTING STATUS: | C10: On-Going
B11: DATE OF OCCURRENCE:
B12: NOTES / REMARKS:
H62: This Master Excel was created by JAN ERWIN ANDREW ONTANILLAS. Ginawa ko to para mapadali ang trabaho :) "Ang problema ay nasa TAO hindi sa TEKNOLOYIHA" Maraming Salamat po sa inyong lahat #10YearsinDSWD. Alrights Reserved 2024
I63: Master Excel Updated as of 4/13/2024 JEAIO V25.1
I64: Logs:
I68: Master Excel Updated as of 1/29/2024 JEAIO V24.2
I71: Upcoming Updates
H72: Master Excel Updated as of 1/23/2024 JEAIO V24.1
H73: Logs: | I73: Added ETC/CFW in every Region
I74: Added Grand Total Included Other Services in every Region
I75: Adjusted some Buggy formula within Regions
I76: Added Brgy Count in Every Region
I77: Added Listahan 2023 in Every Region
I78: Seperation of formula of HUC in every Region and not to be included in Province but direct to Region Totals
H79: Master Excel Updated as of 3/6/2024 JEAIO V25
I80: Major Changes on Master Excel
I81: Added SLP per Region
I82: Reorganized NFI alphabetically
I83: Renamed some part of COA
I84: Fixed issue on buggy formula
H86: Upcoming Updates
I87: No further update unless needed

Sheet Checker Sheet
E1: =_xludf.IFS(COUNTIFS($F$7:$X$7,"VALIDATE")>0,"VALIDATE",COUNTIFS($F$7:$X$7,"VALIDATE")=0,"CORRECT") -> #NAME?
F2: AFFECTED POPULATION | K2: DAMAGED HOUSES | L2: DISPLACEMENT | T2: SADD | V2: SADD | W2: COA
E3: REGION / PROVINCE / MUNICIPALITY | F3: Affected Persons > PSA | G3: Affected Brgy, Families, Person All Fields Required for Entry | H3: Affected Families >= Total Displaced Families (CUM) | I3: Affected Persons >= Total Displaced Persons (CUM) | J3: No Affected Families / Persons but with data on displaced / SADD / DH / COA | K3: Affected Families >= Damaged Houses | L3: Inside ECs Total Families (Now) vs Total Person (Now) | M3: Open ECs (NOW) vs Inside IDPs (NOW) | N3: Total Displaced=Inside+Outside (Families & Persons) CUM / NOW (Please separate column for CUM and NOW | O3: EC count - NOW vs CUM | P3: NOW < CUM (Families Inside EC) | Q3: NOW < CUM (Person Inside EC) | R3: NOW < CUM (Families Outside EC) | S3: NOW < CUM (Person Outside EC) | T3: Total Persons CUM vs Inside ECs Persons CUM | U3: Total Persons NOW vs Inside ECs Persons NOW | V3: Closed EC vs SADD NOW Persons | W3: FFPs vs Affected Families (1:10) | X3: Overall Checking
F7: =_xludf.IFS(COUNTIFS(F9:F143,"VALIDATE")>0,"VALIDATE",TRUE,"CORRECT") -> #NAME? | G7: =_xludf.IFS(COUNTIFS(G9:G143,"VALIDATE")>0,"VALIDATE",TRUE,"CORRECT") -> #NAME? | H7: =_xludf.IFS(COUNTIFS(H9:H143,"VALIDATE")>0,"VALIDATE",TRUE,"CORRECT") -> #NAME? | I7: =_xludf.IFS(COUNTIFS(I9:I143,"VALIDATE")>0,"VALIDATE",TRUE,"CORRECT") -> #NAME? | J7: =_xludf.IFS(COUNTIFS(J9:J143,"VALIDATE")>0,"VALIDATE",TRUE,"CORRECT") -> #NAME? | K7: =_xludf.IFS(COUNTIFS(K9:K143,"VALIDATE")>0,"VALIDATE",TRUE,"CORRECT") -> #NAME? | L7: =_xludf.IFS(COUNTIFS(L9:L143,"VALIDATE")>0,"VALIDATE",TRUE,"CORRECT") -> #NAME? | M7: =_xludf.IFS(COUNTIFS(M9:M143,"VALIDATE")>0,"VALIDATE",TRUE,"CORRECT") -> #NAME? | ... W7: =_xludf.IFS(COUNTIFS(W9:W143,"VALIDATE")>0,"VALIDATE",TRUE,"CORRECT") -> #NAME? | X7: =IF(COUNTIF(F7:W7,"VALIDATE")>0,"VALIDATE","CORRECT") -> CORRECT
X8: =IF(COUNTIF(F8:W8,"VALIDATE")>0,"VALIDATE","")
E9: GRAND TOTAL | F9: {=_xludf.IFS( 'FO 1 SUMMARY'!I8:I143<ABS('FO 1 SUMMARY'!L8:L143),"VALIDATE", TRUE,"")} -> #NAME? | G9: {=_xludf.IFS( (ABS('FO 1 SUMMARY'!J8:J143) + ABS('FO 1 SUMMARY'!K8:K143) + ABS('FO 1 SUMMARY'!L8:L143) > 0) * (ABS('FO 1 SUMMARY'!J8:J143) > 0) * (ABS('FO 1 SUMMARY'!K8:K143) > 0) * (ABS('FO 1 SUMMARY'!L8:L143) > 0), "", (ABS('FO 1 SUMMARY'!J8:J143) + ABS('FO 1 SUMMARY'!K8:K143) + ABS('FO 1 SUMMARY'!L8:L143) = 0) * (ABS('FO 1 SUMMARY'!J8:J143) = 0) * (ABS('FO 1 SUMMARY'!K8:K143) = 0) * (ABS('FO 1 SUMMARY'!L8:L143) = 0), "", TRUE,"VALIDATE" )} -> #NAME? | H9: {=_xludf.IFS('FO 1 SUMMARY'!K8:K143>='FO 1 SUMMARY'!AA8:AA143,"",TRUE,"VALIDATE")} -> #NAME? | I9: {=_xludf.IFS('FO 1 SUMMARY'!L8:L143>='FO 1 SUMMARY'!AC8:AC143,"",TRUE,"VALIDATE")} -> #NAME? | J9: {=_xludf.IFS(AND('FO 1 SUMMARY'!GF8:GF143="N/A",OR('FO 1 SUMMARY'!K8:K143>0,'FO 1 SUMMARY'!L9:L143>0)),"VALIDATE", AND('FO 1 SUMMARY'!GF8:GF143="DATA",OR('FO 1 SUMMARY'!K8:K143=0,'FO 1 SUMMARY'!L9:L143=0)),"VALIDATE", TRUE,"")} -> #NAME? | K9: {=_xludf.IFS('FO 1 SUMMARY'!K8:K143>='FO 1 SUMMARY'!EA8:EA143,"",TRUE,"VALIDATE")} -> #NAME? | L9: {=_xludf.IFS( 'FO 1 SUMMARY'!AB8:AB143=0 * 'FO 1 SUMMARY'!AD8:AD143=0,"", 'FO 1 SUMMARY'!AB8:AB143>0 * 'FO 1 SUMMARY'!AD8:AD143>0,"", 'FO 1 SUMMARY'!AB8:AB143>0 * 'FO 1 SUMMARY'!AD8:AD143<=0,"VALIDATE", 'FO 1 SUMMARY'!AB8:AB143<=0 * 'FO 1 SUMMARY'!AD8:AD143>0,"VALIDATE" )} -> #NAME? | M9: {=_xludf.IFS( ('FO 1 SUMMARY'!O8:O143 > 0) * ('FO 1 SUMMARY'!T8:T143 + 'FO 1 SUMMARY'!V8:V143) > 0, "", ('FO 1 SUMMARY'!O8:O143 = 0) * ('FO 1 SUMMARY'!T8:T143 + 'FO 1 SUMMARY'!V8:V143) = 0, "", ('FO 1 SUMMARY'!O8:O143 > 0) * ('FO 1 SUMMARY'!T8:T143 + 'FO 1 SUMMARY'!V8:V143) = 0, "VALIDATE", ('FO 1 SUMMARY'!O8:O143 = 0) * ('FO 1 SUMMARY'!T8:T143 + 'FO 1 SUMMARY'!V8:V143) > 0, "VALIDATE" )} -> #NAME? | N9: {=_xludf.IFS( (('FO 1 SUMMARY'!$U$8:$U143 + 'FO 1 SUMMARY'!$Y$8:$Y143 = 'FO 1 SUMMARY'!$AC$8:$AC143 ) * ( 'FO 1 SUMMARY'!$S$8:$S143 + 'FO 1 SUMMARY'!$W$8:$W143 = 'FO 1 SUMMARY'!$AA$8:$AA143)) = 1,"", TRUE,"VALIDATE" )} -> #NAME? | O9: {=_xludf.IFS( (ABS('FO 1 SUMMARY'!N8:N143) > ABS('FO 1 SUMMARY'!O8:O143)), "", ((ABS('FO 1 SUMMARY'!N8:N143)=0) * (ABS('FO 1 SUMMARY'!O8:O143)=0)), "", ((ABS('FO 1 SUMMARY'!N8:N143)>0 * ABS('FO 1 SUMMARY'!O8:O143)=0)), "", ((ABS('FO 1 SUMMARY'!N8:N143) = ABS('FO 1 SUMMARY'!O8:O143))), "", (ABS('FO 1 SUMMARY'!N8:N143) < ABS('FO 1 SUMMARY'!O8:O143)), "VALIDATE" )} -> #NAME? | P9: {=_xludf.IFS( 'FO 1 SUMMARY'!T9:T143>'FO 1 SUMMARY'!S9:S143,"VALIDATE", TRUE,"")} -> #NAME? | Q9: {=_xludf.IFS( 'FO 1 SUMMARY'!V9:V143>'FO 1 SUMMARY'!U9:U143,"VALIDATE", TRUE,"")} -> #NAME? | R9: {=_xludf.IFS( 'FO 1 SUMMARY'!X9:X143>'FO 1 SUMMARY'!W9:W143,"VALIDATE", TRUE,"")} -> #NAME? | S9: {=_xludf.IFS( 'FO 1 SUMMARY'!Z8:Z143>'FO 1 SUMMARY'!Y8:Y143,"VALIDATE", TRUE,"")} -> #NAME? | T9: {=IF('FO 1 SUMMARY'!BK8:BK143+'FO 1 SUMMARY'!BI8:BI143<='FO 1 SUMMARY'!U8:U143,"","VALIDATE")} | U9: {=IF('FO 1 SUMMARY'!BL8:BL143+'FO 1 SUMMARY'!BJ8:BJ143<='FO 1 SUMMARY'!V8:V143,"","VALIDATE")} | V9: {=_xludf.IFS( 'FO 1 SUMMARY'!O8:O143=0 * 'FO 1 SUMMARY'!BL8:BL143+'FO 1 SUMMARY'!BJ8:BJ143=0,"", 'FO 1 SUMMARY'!O8:O143>0 * 'FO 1 SUMMARY'!BL8:BL143+'FO 1 SUMMARY'!BJ8:BJ143>0,"", 'FO 1 SUMMARY'!O8:O143=0 * 'FO 1 SUMMARY'!BL8:BL143+'FO 1 SUMMARY'!BJ8:BJ143>0,"VALIDATE", 'FO 1 SUMMARY'!O8:O143>0 * 'FO 1 SUMMARY'!BL8:BL143+'FO 1 SUMMARY'!BJ8:BJ143=0,"VALIDATE", TRUE,"VALIDATE")} -> #NAME? | W9: {=_xludf.IFS( 'FO 1 SUMMARY'!K8:K143*10<ABS('FO 1 SUMMARY'!ED8:ED143),"VALIDATE", TRUE,"")} -> #NAME? | X9: =IF(COUNTIF(F9:W9,"VALIDATE")>0,"VALIDATE","")
B10: Region I (Ilocos Region) | E10: {=TRIM('FO 1 SUMMARY'!H9:H143)} -> REGION I | F10: #NAME? | G10: #NAME? | H10: #NAME? | I10: #NAME? | K10: #NAME? | L10: #NAME? | M10: #NAME? | N10: #NAME? | O10: #NAME? | P10: #NAME? | Q10: #NAME? | R10: #NAME? | S10: #NAME? | V10: #NAME? | W10: #NAME? | X10: =IF(COUNTIF(F10:W10,"VALIDATE")>0,"VALIDATE","")
B11: Region I (Ilocos Region) | E11: Ilocos Norte | F11: #NAME? | G11: #NAME? | H11: #NAME? | I11: #NAME? | K11: #NAME? | L11: #NAME? | M11: #NAME? | N11: #NAME? | O11: #NAME? | P11: #NAME? | Q11: #NAME? | R11: #NAME? | S11: #NAME? | V11: #NAME? | W11: #NAME? | X11: =IF(COUNTIF(F11:W11,"VALIDATE")>0,"VALIDATE","")
B12: Region I (Ilocos Region) | C12: Ilocos Norte | D12: PLGU Ilocos Norte | E12: PLGU Ilocos Norte | F12: #NAME? | G12: #NAME? | H12: #NAME? | I12: #NAME? | K12: #NAME? | L12: #NAME? | M12: #NAME? | N12: #NAME? | O12: #NAME? | P12: #NAME? | Q12: #NAME? | R12: #NAME? | S12: #NAME? | V12: #NAME? | W12: #NAME? | X12: =IF(COUNTIF(F12:W12,"VALIDATE")>0,"VALIDATE","")
B13: Region I (Ilocos Region) | C13: Ilocos Norte | D13: Adams | E13: Adams | F13: #NAME? | G13: #NAME? | H13: #NAME? | I13: #NAME? | K13: #NAME? | L13: #NAME? | M13: #NAME? | N13: #NAME? | O13: #NAME? | P13: #NAME? | Q13: #NAME? | R13: #NAME? | S13: #NAME? | V13: #NAME? | W13: #NAME? | X13: =IF(COUNTIF(F13:W13,"VALIDATE")>0,"VALIDATE","")
B14: Region I (Ilocos Region) | C14: Ilocos Norte | D14: Bacarra | E14: Bacarra | F14: #NAME? | G14: #NAME? | H14: #NAME? | I14: #NAME? | K14: #NAME? | L14: #NAME? | M14: #NAME? | N14: #NAME? | O14: #NAME? | P14: #NAME? | Q14: #NAME? | R14: #NAME? | S14: #NAME? | V14: #NAME? | W14: #NAME? | X14: =IF(COUNTIF(F14:W14,"VALIDATE")>0,"VALIDATE","")
B15: Region I (Ilocos Region) | C15: Ilocos Norte | D15: Badoc | E15: Badoc | F15: #NAME? | G15: #NAME? | H15: #NAME? | I15: #NAME? | K15: #NAME? | L15: #NAME? | M15: #NAME? | N15: #NAME? | O15: #NAME? | P15: #NAME? | Q15: #NAME? | R15: #NAME? | S15: #NAME? | V15: #NAME? | W15: #NAME? | X15: =IF(COUNTIF(F15:W15,"VALIDATE")>0,"VALIDATE","")
B16: Region I (Ilocos Region) | C16: Ilocos Norte | D16: Bangui | E16: Bangui | F16: #NAME? | G16: #NAME? | H16: #NAME? | I16: #NAME? | K16: #NAME? | L16: #NAME? | M16: #NAME? | N16: #NAME? | O16: #NAME? | P16: #NAME? | Q16: #NAME? | R16: #NAME? | S16: #NAME? | V16: #NAME? | W16: #NAME? | X16: =IF(COUNTIF(F16:W16,"VALIDATE")>0,"VALIDATE","")
B17: Region I (Ilocos Region) | C17: Ilocos Norte | D17: City of Batac | E17: City of Batac | F17: #NAME? | G17: #NAME? | H17: #NAME? | I17: #NAME? | K17: #NAME? | L17: #NAME? | M17: #NAME? | N17: #NAME? | O17: #NAME? | P17: #NAME? | Q17: #NAME? | R17: #NAME? | S17: #NAME? | V17: #NAME? | W17: #NAME? | X17: =IF(COUNTIF(F17:W17,"VALIDATE")>0,"VALIDATE","")
B18: Region I (Ilocos Region) | C18: Ilocos Norte | D18: Burgos | E18: Burgos | F18: #NAME? | G18: #NAME? | H18: #NAME? | I18: #NAME? | K18: #NAME? | L18: #NAME? | M18: #NAME? | N18: #NAME? | O18: #NAME? | P18: #NAME? | Q18: #NAME? | R18: #NAME? | S18: #NAME? | V18: #NAME? | W18: #NAME? | X18: =IF(COUNTIF(F18:W18,"VALIDATE")>0,"VALIDATE","")
B19: Region I (Ilocos Region) | C19: Ilocos Norte | D19: Carasi | E19: Carasi | F19: #NAME? | G19: #NAME? | H19: #NAME? | I19: #NAME? | K19: #NAME? | L19: #NAME? | M19: #NAME? | N19: #NAME? | O19: #NAME? | P19: #NAME? | Q19: #NAME? | R19: #NAME? | S19: #NAME? | V19: #NAME? | W19: #NAME? | X19: =IF(COUNTIF(F19:W19,"VALIDATE")>0,"VALIDATE","")
B20: Region I (Ilocos Region) | C20: Ilocos Norte | D20: Currimao | E20: Currimao | F20: #NAME? | G20: #NAME? | H20: #NAME? | I20: #NAME? | K20: #NAME? | L20: #NAME? | M20: #NAME? | N20: #NAME? | O20: #NAME? | P20: #NAME? | Q20: #NAME? | R20: #NAME? | S20: #NAME? | V20: #NAME? | W20: #NAME? | X20: =IF(COUNTIF(F20:W20,"VALIDATE")>0,"VALIDATE","")
B21: Region I (Ilocos Region) | C21: Ilocos Norte | D21: Dingras | E21: Dingras | F21: #NAME? | G21: #NAME? | H21: #NAME? | I21: #NAME? | K21: #NAME? | L21: #NAME? | M21: #NAME? | N21: #NAME? | O21: #NAME? | P21: #NAME? | Q21: #NAME? | R21: #NAME? | S21: #NAME? | V21: #NAME? | W21: #NAME? | X21: =IF(COUNTIF(F21:W21,"VALIDATE")>0,"VALIDATE","")
B22: Region I (Ilocos Region) | C22: Ilocos Norte | D22: Dumalneg | E22: Dumalneg | F22: #NAME? | G22: #NAME? | H22: #NAME? | I22: #NAME? | K22: #NAME? | L22: #NAME? | M22: #NAME? | N22: #NAME? | O22: #NAME? | P22: #NAME? | Q22: #NAME? | R22: #NAME? | S22: #NAME? | V22: #NAME? | W22: #NAME? | X22: =IF(COUNTIF(F22:W22,"VALIDATE")>0,"VALIDATE","")
B23: Region I (Ilocos Region) | C23: Ilocos Norte | D23: Banna | E23: Banna | F23: #NAME? | G23: #NAME? | H23: #NAME? | I23: #NAME? | K23: #NAME? | L23: #NAME? | M23: #NAME? | N23: #NAME? | O23: #NAME? | P23: #NAME? | Q23: #NAME? | R23: #NAME? | S23: #NAME? | V23: #NAME? | W23: #NAME? | X23: =IF(COUNTIF(F23:W23,"VALIDATE")>0,"VALIDATE","")
... B35: Region I (Ilocos Region) | C35: Ilocos Norte | D35: Vintar | E35: Vintar | F35: #NAME? | G35: #NAME? | H35: #NAME? | I35: #NAME? | K35: #NAME? | L35: #NAME? | M35: #NAME? | N35: #NAME? | O35: #NAME? | P35: #NAME? | Q35: #NAME? | R35: #NAME? | S35: #NAME? | V35: #NAME? | W35: #NAME? | X35: =IF(COUNTIF(F35:W35,"VALIDATE")>0,"VALIDATE","")
B36: Region I (Ilocos Region) | E36: Ilocos Sur | F36: #NAME? | G36: #NAME? | H36: #NAME? | I36: #NAME? | K36: #NAME? | L36: #NAME? | M36: #NAME? | N36: #NAME? | O36: #NAME? | P36: #NAME? | Q36: #NAME? | R36: #NAME? | S36: #NAME? | V36: #NAME? | W36: #NAME? | X36: =IF(COUNTIF(F36:W36,"VALIDATE")>0,"VALIDATE","")
B37: Region I (Ilocos Region) | C37: Ilocos Sur | D37: PLGU Ilocos Sur | E37: PLGU Ilocos Sur | F37: #NAME? | G37: #NAME? | H37: #NAME? | I37: #NAME? | K37: #NAME? | L37: #NAME? | M37: #NAME? | N37: #NAME? | O37: #NAME? | P37: #NAME? | Q37: #NAME? | R37: #NAME? | S37: #NAME? | V37: #NAME? | W37: #NAME? | X37: =IF(COUNTIF(F37:W37,"VALIDATE")>0,"VALIDATE","")
B38: Region I (Ilocos Region) | C38: Ilocos Sur | D38: Alilem | E38: Alilem | F38: #NAME? | G38: #NAME? | H38: #NAME? | I38: #NAME? | K38: #NAME? | L38: #NAME? | M38: #NAME? | N38: #NAME? | O38: #NAME? | P38: #NAME? | Q38: #NAME? | R38: #NAME? | S38: #NAME? | V38: #NAME? | W38: #NAME? | X38: =IF(COUNTIF(F38:W38,"VALIDATE")>0,"VALIDATE","")
B39: Region I (Ilocos Region) | C39: Ilocos Sur | D39: Banayoyo | E39: Banayoyo | F39: #NAME? | G39: #NAME? | H39: #NAME? | I39: #NAME? | K39: #NAME? | L39: #NAME? | M39: #NAME? | N39: #NAME? | O39: #NAME? | P39: #NAME? | Q39: #NAME? | R39: #NAME? | S39: #NAME? | V39: #NAME? | W39: #NAME? | X39: =IF(COUNTIF(F39:W39,"VALIDATE")>0,"VALIDATE","")
B40: Region I (Ilocos Region) | C40: Ilocos Sur | D40: Bantay | E40: Bantay | F40: #NAME? | G40: #NAME? | H40: #NAME? | I40: #NAME? | K40: #NAME? | L40: #NAME? | M40: #NAME? | N40: #NAME? | O40: #NAME? | P40: #NAME? | Q40: #NAME? | R40: #NAME? | S40: #NAME? | V40: #NAME? | W40: #NAME? | X40: =IF(COUNTIF(F40:W40,"VALIDATE")>0,"VALIDATE","")
B41: Region I (Ilocos Region) | C41: Ilocos Sur | D41: Burgos | E41: Burgos | F41: #NAME? | G41: #NAME? | H41: #NAME? | I41: #NAME? | K41: #NAME? | L41: #NAME? | M41: #NAME? | N41: #NAME? | O41: #NAME? | P41: #NAME? | Q41: #NAME? | R41: #NAME? | S41: #NAME? | V41: #NAME? | W41: #NAME? | X41: =IF(COUNTIF(F41:W41,"VALIDATE")>0,"VALIDATE","")
B42: Region I (Ilocos Region) | C42: Ilocos Sur | D42: Cabugao | E42: Cabugao | F42: #NAME? | G42: #NAME? | H42: #NAME? | I42: #NAME? | K42: #NAME? | L42: #NAME? | M42: #NAME? | N42: #NAME? | O42: #NAME? | P42: #NAME? | Q42: #NAME? | R42: #NAME? | S42: #NAME? | V42: #NAME? | W42: #NAME? | X42: =IF(COUNTIF(F42:W42,"VALIDATE")>0,"VALIDATE","")
B43: Region I (Ilocos Region) | C43: Ilocos Sur | D43: City of Candon | E43: City of Candon | F43: #NAME? | G43: #NAME? | H43: #NAME? | I43: #NAME? | K43: #NAME? | L43: #NAME? | M43: #NAME? | N43: #NAME? | O43: #NAME? | P43: #NAME? | Q43: #NAME? | R43: #NAME? | S43: #NAME? | V43: #NAME? | W43: #NAME? | X43: =IF(COUNTIF(F43:W43,"VALIDATE")>0,"VALIDATE","")
B44: Region I (Ilocos Region) | C44: Ilocos Sur | D44: Caoayan | E44: Caoayan | F44: #NAME? | G44: #NAME? | H44: #NAME? | I44: #NAME? | K44: #NAME? | L44: #NAME? | M44: #NAME? | N44: #NAME? | O44: #NAME? | P44: #NAME? | Q44: #NAME? | R44: #NAME? | S44: #NAME? | V44: #NAME? | W44: #NAME? | X44: =IF(COUNTIF(F44:W44,"VALIDATE")>0,"VALIDATE","")
B45: Region I (Ilocos Region) | C45: Ilocos Sur | D45: Cervantes | E45: Cervantes | F45: #NAME? | G45: #NAME? | H45: #NAME? | I45: #NAME? | K45: #NAME? | L45: #NAME? | M45: #NAME? | N45: #NAME? | O45: #NAME? | P45: #NAME? | Q45: #NAME? | R45: #NAME? | S45: #NAME? | V45: #NAME? | W45: #NAME? | X45: =IF(COUNTIF(F45:W45,"VALIDATE")>0,"VALIDATE","")
B46: Region I (Ilocos Region) | C46: Ilocos Sur | D46: Galimuyod | E46: Galimuyod | F46: #NAME? | G46: #NAME? | H46: #NAME? | I46: #NAME? | K46: #NAME? | L46: #NAME? | M46: #NAME? | N46: #NAME? | O46: #NAME? | P46: #NAME? | Q46: #NAME? | R46: #NAME? | S46: #NAME? | V46: #NAME? | W46: #NAME? | X46: =IF(COUNTIF(F46:W46,"VALIDATE")>0,"VALIDATE","")
B47: Region I (Ilocos Region) | C47: Ilocos Sur | D47: Gregorio del Pilar | E47: Gregorio del Pilar | F47: #NAME? | G47: #NAME? | H47: #NAME? | I47: #NAME? | K47: #NAME? | L47: #NAME? | M47: #NAME? | N47: #NAME? | O47: #NAME? | P47: #NAME? | Q47: #NAME? | R47: #NAME? | S47: #NAME? | V47: #NAME? | W47: #NAME? | X47: =IF(COUNTIF(F47:W47,"VALIDATE")>0,"VALIDATE","")
B48: Region I (Ilocos Region) | C48: Ilocos Sur | D48: Lidlidda | E48: Lidlidda | F48: #NAME? | G48: #NAME? | H48: #NAME? | I48: #NAME? | K48: #NAME? | L48: #NAME? | M48: #NAME? | N48: #NAME? | O48: #NAME? | P48: #NAME? | Q48: #NAME? | R48: #NAME? | S48: #NAME? | V48: #NAME? | W48: #NAME? | X48: =IF(COUNTIF(F48:W48,"VALIDATE")>0,"VALIDATE","")
... B71: Region I (Ilocos Region) | C71: Ilocos Sur | D71: City of Vigan | E71: City of Vigan | F71: #NAME? | G71: #NAME? | H71: #NAME? | I71: #NAME? | K71: #NAME? | L71: #NAME? | M71: #NAME? | N71: #NAME? | O71: #NAME? | P71: #NAME? | Q71: #NAME? | R71: #NAME? | S71: #NAME? | V71: #NAME? | W71: #NAME? | X71: =IF(COUNTIF(F71:W71,"VALIDATE")>0,"VALIDATE","")
B72: Region I (Ilocos Region) | E72: La Union | F72: #NAME? | G72: #NAME? | H72: #NAME? | I72: #NAME? | K72: #NAME? | L72: #NAME? | M72: #NAME? | N72: #NAME? | O72: #NAME? | P72: #NAME? | Q72: #NAME? | R72: #NAME? | S72: #NAME? | V72: #NAME? | W72: #NAME? | X72: =IF(COUNTIF(F72:W72,"VALIDATE")>0,"VALIDATE","")
B73: Region I (Ilocos Region) | C73: La Union | D73: PLGU La Union | E73: PLGU La Union | F73: #NAME? | G73: #NAME? | H73: #NAME? | I73: #NAME? | K73: #NAME? | L73: #NAME? | M73: #NAME? | N73: #NAME? | O73: #NAME? | P73: #NAME? | Q73: #NAME? | R73: #NAME? | S73: #NAME? | V73: #NAME? | W73: #NAME? | X73: =IF(COUNTIF(F73:W73,"VALIDATE")>0,"VALIDATE","")
B74: Region I (Ilocos Region) | C74: La Union | D74: Agoo | E74: Agoo | F74: #NAME? | G74: #NAME? | H74: #NAME? | I74: #NAME? | K74: #NAME? | L74: #NAME? | M74: #NAME? | N74: #NAME? | O74: #NAME? | P74: #NAME? | Q74: #NAME? | R74: #NAME? | S74: #NAME? | V74: #NAME? | W74: #NAME? | X74: =IF(COUNTIF(F74:W74,"VALIDATE")>0,"VALIDATE","")
B75: Region I (Ilocos Region) | C75: La Union | D75: Aringay | E75: Aringay | F75: #NAME? | G75: #NAME? | H75: #NAME? | I75: #NAME? | K75: #NAME? | L75: #NAME? | M75: #NAME? | N75: #NAME? | O75: #NAME? | P75: #NAME? | Q75: #NAME? | R75: #NAME? | S75: #NAME? | V75: #NAME? | W75: #NAME? | X75: =IF(COUNTIF(F75:W75,"VALIDATE")>0,"VALIDATE","")
B76: Region I (Ilocos Region) | C76: La Union | D76: Bacnotan | E76: Bacnotan | F76: #NAME? | G76: #NAME? | H76: #NAME? | I76: #NAME? | K76: #NAME? | L76: #NAME? | M76: #NAME? | N76: #NAME? | O76: #NAME? | P76: #NAME? | Q76: #NAME? | R76: #NAME? | S76: #NAME? | V76: #NAME? | W76: #NAME? | X76: =IF(COUNTIF(F76:W76,"VALIDATE")>0,"VALIDATE","")
B77: Region I (Ilocos Region) | C77: La Union | D77: Bagulin | E77: Bagulin | F77: #NAME? | G77: #NAME? | H77: #NAME? | I77: #NAME? | K77: #NAME? | L77: #NAME? | M77: #NAME? | N77: #NAME? | O77: #NAME? | P77: #NAME? | Q77: #NAME? | R77: #NAME? | S77: #NAME? | V77: #NAME? | W77: #NAME? | X77: =IF(COUNTIF(F77:W77,"VALIDATE")>0,"VALIDATE","")
B78: Region I (Ilocos Region) | C78: La Union | D78: Balaoan | E78: Balaoan | F78: #NAME? | G78: #NAME? | H78: #NAME? | I78: #NAME? | K78: #NAME? | L78: #NAME? | M78: #NAME? | N78: #NAME? | O78: #NAME? | P78: #NAME? | Q78: #NAME? | R78: #NAME? | S78: #NAME? | V78: #NAME? | W78: #NAME? | X78: =IF(COUNTIF(F78:W78,"VALIDATE")>0,"VALIDATE","")
B79: Region I (Ilocos Region) | C79: La Union | D79: Bangar | E79: Bangar | F79: #NAME? | G79: #NAME? | H79: #NAME? | I79: #NAME? | K79: #NAME? | L79: #NAME? | M79: #NAME? | N79: #NAME? | O79: #NAME? | P79: #NAME? | Q79: #NAME? | R79: #NAME? | S79: #NAME? | V79: #NAME? | W79: #NAME? | X79: =IF(COUNTIF(F79:W79,"VALIDATE")>0,"VALIDATE","")
B80: Region I (Ilocos Region) | C80: La Union | D80: Bauang | E80: Bauang | F80: #NAME? | G80: #NAME? | H80: #NAME? | I80: #NAME? | K80: #NAME? | L80: #NAME? | M80: #NAME? | N80: #NAME? | O80: #NAME? | P80: #NAME? | Q80: #NAME? | R80: #NAME? | S80: #NAME? | V80: #NAME? | W80: #NAME? | X80: =IF(COUNTIF(F80:W80,"VALIDATE")>0,"VALIDATE","")
B81: Region I (Ilocos Region) | C81: La Union | D81: Burgos | E81: Burgos | F81: #NAME? | G81: #NAME? | H81: #NAME? | I81: #NAME? | K81: #NAME? | L81: #NAME? | M81: #NAME? | N81: #NAME? | O81: #NAME? | P81: #NAME? | Q81: #NAME? | R81: #NAME? | S81: #NAME? | V81: #NAME? | W81: #NAME? | X81: =IF(COUNTIF(F81:W81,"VALIDATE")>0,"VALIDATE","")
B82: Region I (Ilocos Region) | C82: La Union | D82: Caba | E82: Caba | F82: #NAME? | G82: #NAME? | H82: #NAME? | I82: #NAME? | K82: #NAME? | L82: #NAME? | M82: #NAME? | N82: #NAME? | O82: #NAME? | P82: #NAME? | Q82: #NAME? | R82: #NAME? | S82: #NAME? | V82: #NAME? | W82: #NAME? | X82: =IF(COUNTIF(F82:W82,"VALIDATE")>0,"VALIDATE","")
B83: Region I (Ilocos Region) | C83: La Union | D83: Luna | E83: Luna | F83: #NAME? | G83: #NAME? | H83: #NAME? | I83: #NAME? | K83: #NAME? | L83: #NAME? | M83: #NAME? | N83: #NAME? | O83: #NAME? | P83: #NAME? | Q83: #NAME? | R83: #NAME? | S83: #NAME? | V83: #NAME? | W83: #NAME? | X83: =IF(COUNTIF(F83:W83,"VALIDATE")>0,"VALIDATE","")
B84: Region I (Ilocos Region) | C84: La Union | D84: Naguilian | E84: Naguilian | F84: #NAME? | G84: #NAME? | H84: #NAME? | I84: #NAME? | K84: #NAME? | L84: #NAME? | M84: #NAME? | N84: #NAME? | O84: #NAME? | P84: #NAME? | Q84: #NAME? | R84: #NAME? | S84: #NAME? | V84: #NAME? | W84: #NAME? | X84: =IF(COUNTIF(F84:W84,"VALIDATE")>0,"VALIDATE","")
... B93: Region I (Ilocos Region) | C93: La Union | D93: Tubao | E93: Tubao | F93: #NAME? | G93: #NAME? | H93: #NAME? | I93: #NAME? | K93: #NAME? | L93: #NAME? | M93: #NAME? | N93: #NAME? | O93: #NAME? | P93: #NAME? | Q93: #NAME? | R93: #NAME? | S93: #NAME? | V93: #NAME? | W93: #NAME? | X93: =IF(COUNTIF(F93:W93,"VALIDATE")>0,"VALIDATE","")
B94: Region I (Ilocos Region) | E94: Pangasinan | F94: #NAME? | G94: #NAME? | H94: #NAME? | I94: #NAME? | K94: #NAME? | L94: #NAME? | M94: #NAME? | N94: #NAME? | O94: #NAME? | P94: #NAME? | Q94: #NAME? | R94: #NAME? | S94: #NAME? | V94: #NAME? | W94: #NAME? | X94: =IF(COUNTIF(F94:W94,"VALIDATE")>0,"VALIDATE","")
B95: Region I (Ilocos Region) | C95: Pangasinan | D95: PLGU Pangasinan | E95: PLGU Pangasinan | F95: #NAME? | G95: #NAME? | H95: #NAME? | I95: #NAME? | K95: #NAME? | L95: #NAME? | M95: #NAME? | N95: #NAME? | O95: #NAME? | P95: #NAME? | Q95: #NAME? | R95: #NAME? | S95: #NAME? | V95: #NAME? | W95: #NAME? | X95: =IF(COUNTIF(F95:W95,"VALIDATE")>0,"VALIDATE","")
B96: Region I (Ilocos Region) | C96: Pangasinan | D96: Agno | E96: Agno | F96: #NAME? | G96: #NAME? | H96: #NAME? | I96: #NAME? | K96: #NAME? | L96: #NAME? | M96: #NAME? | N96: #NAME? | O96: #NAME? | P96: #NAME? | Q96: #NAME? | R96: #NAME? | S96: #NAME? | V96: #NAME? | W96: #NAME? | X96: =IF(COUNTIF(F96:W96,"VALIDATE")>0,"VALIDATE","")
B97: Region I (Ilocos Region) | C97: Pangasinan | D97: Aguilar | E97: Aguilar | F97: #NAME? | G97: #NAME? | H97: #NAME? | I97: #NAME? | K97: #NAME? | L97: #NAME? | M97: #NAME? | N97: #NAME? | O97: #NAME? | P97: #NAME? | Q97: #NAME? | R97: #NAME? | S97: #NAME? | V97: #NAME? | W97: #NAME? | X97: =IF(COUNTIF(F97:W97,"VALIDATE")>0,"VALIDATE","")
B98: Region I (Ilocos Region) | C98: Pangasinan | D98: City of Alaminos | E98: City of Alaminos | F98: #NAME? | G98: #NAME? | H98: #NAME? | I98: #NAME? | K98: #NAME? | L98: #NAME? | M98: #NAME? | N98: #NAME? | O98: #NAME? | P98: #NAME? | Q98: #NAME? | R98: #NAME? | S98: #NAME? | V98: #NAME? | W98: #NAME? | X98: =IF(COUNTIF(F98:W98,"VALIDATE")>0,"VALIDATE","")
B99: Region I (Ilocos Region) | C99: Pangasinan | D99: Alcala | E99: Alcala | F99: #NAME? | G99: #NAME? | H99: #NAME? | I99: #NAME? | K99: #NAME? | L99: #NAME? | M99: #NAME? | N99: #NAME? | O99: #NAME? | P99: #NAME? | Q99: #NAME? | R99: #NAME? | S99: #NAME? | V99: #NAME? | W99: #NAME? | X99: =IF(COUNTIF(F99:W99,"VALIDATE")>0,"VALIDATE","")
B100: Region I (Ilocos Region) | C100: Pangasinan | D100: Anda | E100: Anda | F100: #NAME? | G100: #NAME? | H100: #NAME? | I100: #NAME? | K100: #NAME? | L100: #NAME? | M100: #NAME? | N100: #NAME? | O100: #NAME? | P100: #NAME? | Q100: #NAME? | R100: #NAME? | S100: #NAME? | V100: #NAME? | W100: #NAME? | X100: =IF(COUNTIF(F100:W100,"VALIDATE")>0,"VALIDATE","")
B101: Region I (Ilocos Region) | C101: Pangasinan | D101: Asingan | E101: Asingan | F101: #NAME? | G101: #NAME? | H101: #NAME? | I101: #NAME? | K101: #NAME? | L101: #NAME? | M101: #NAME? | N101: #NAME? | O101: #NAME? | P101: #NAME? | Q101: #NAME? | R101: #NAME? | S101: #NAME? | V101: #NAME? | W101: #NAME? | X101: =IF(COUNTIF(F101:W101,"VALIDATE")>0,"VALIDATE","")
B102: Region I (Ilocos Region) | C102: Pangasinan | D102: Balungao | E102: Balungao | F102: #NAME? | G102: #NAME? | H102: #NAME? | I102: #NAME? | K102: #NAME? | L102: #NAME? | M102: #NAME? | N102: #NAME? | O102: #NAME? | P102: #NAME? | Q102: #NAME? | R102: #NAME? | S102: #NAME? | V102: #NAME? | W102: #NAME? | X102: =IF(COUNTIF(F102:W102,"VALIDATE")>0,"VALIDATE","")
B103: Region I (Ilocos Region) | C103: Pangasinan | D103: Bani | E103: Bani | F103: #NAME? | G103: #NAME? | H103: #NAME? | I103: #NAME? | K103: #NAME? | L103: #NAME? | M103: #NAME? | N103: #NAME? | O103: #NAME? | P103: #NAME? | Q103: #NAME? | R103: #NAME? | S103: #NAME? | V103: #NAME? | W103: #NAME? | X103: =IF(COUNTIF(F103:W103,"VALIDATE")>0,"VALIDATE","")
B104: Region I (Ilocos Region) | C104: Pangasinan | D104: Basista | E104: Basista | F104: #NAME? | G104: #NAME? | H104: #NAME? | I104: #NAME? | K104: #NAME? | L104: #NAME? | M104: #NAME? | N104: #NAME? | O104: #NAME? | P104: #NAME? | Q104: #NAME? | R104: #NAME? | S104: #NAME? | V104: #NAME? | W104: #NAME? | X104: =IF(COUNTIF(F104:W104,"VALIDATE")>0,"VALIDATE","")
B105: Region I (Ilocos Region) | C105: Pangasinan | D105: Bautista | E105: Bautista | F105: #NAME? | G105: #NAME? | H105: #NAME? | I105: #NAME? | K105: #NAME? | L105: #NAME? | M105: #NAME? | N105: #NAME? | O105: #NAME? | P105: #NAME? | Q105: #NAME? | R105: #NAME? | S105: #NAME? | V105: #NAME? | W105: #NAME? | X105: =IF(COUNTIF(F105:W105,"VALIDATE")>0,"VALIDATE","")
B106: Region I (Ilocos Region) | C106: Pangasinan | D106: Bayambang | E106: Bayambang | F106: #NAME? | G106: #NAME? | H106: #NAME? | I106: #NAME? | K106: #NAME? | L106: #NAME? | M106: #NAME? | N106: #NAME? | O106: #NAME? | P106: #NAME? | Q106: #NAME? | R106: #NAME? | S106: #NAME? | V106: #NAME? | W106: #NAME? | X106: =IF(COUNTIF(F106:W106,"VALIDATE")>0,"VALIDATE","")
... B142: Region I (Ilocos Region) | C142: Pangasinan | D142: Laoac | E142: Laoac | F142: #NAME? | G142: #NAME? | H142: #NAME? | I142: #NAME? | K142: #NAME? | L142: #NAME? | M142: #NAME? | N142: #NAME? | O142: #NAME? | P142: #NAME? | Q142: #NAME? | R142: #NAME? | S142: #NAME? | V142: #NAME? | W142: #NAME? | X142: =IF(COUNTIF(F142:W142,"VALIDATE")>0,"VALIDATE","")
B143: Region I (Ilocos Region) | C143: Pangasinan | D143: City of Dagupan | E143: City of Dagupan | F143: #NAME? | G143: #NAME? | H143: #NAME? | I143: #NAME? | K143: #NAME? | L143: #NAME? | M143: #NAME? | N143: #NAME? | O143: #NAME? | S143: #NAME? | V143: #NAME? | W143: #NAME? | X143: =IF(COUNTIF(F143:W143,"VALIDATE")>0,"VALIDATE","")

Sheet (VIEW)Checker Sheet
E1: {='Checker Sheet'!E1:X143} -> #NAME? | F1: 0 | G1: 0 | H1: 0 | I1: 0 | J1: 0 | K1: 0 | L1: 0 | M1: 0 | N1: 0 | O1: 0 | P1: 0 | Q1: 0 | R1: 0 | S1: 0 | T1: 0 | U1: 0 | V1: 0 | W1: 0 | X1: 0
E2: 0 | F2: AFFECTED POPULATION | G2: 0 | H2: 0 | I2: 0 | J2: 0 | K2: DAMAGED HOUSES | L2: DISPLACEMENT | M2: 0 | N2: 0 | O2: 0 | P2: 0 | Q2: 0 | R2: 0 | S2: 0 | T2: SADD | U2: 0 | V2: SADD | W2: COA | X2: 0
E3: REGION / PROVINCE / MUNICIPALITY | F3: Affected Persons > PSA | G3: Affected Brgy, Families, Person All Fields Required for Entry | H3: Affected Families >= Total Displaced Families (CUM) | I3: Affected Persons >= Total Displaced Persons (CUM) | J3: No Affected Families / Persons but with data on displaced / SADD / DH / COA | K3: Affected Families >= Damaged Houses | L3: Inside ECs Total Families (Now) vs Total Person (Now) | M3: Open ECs (NOW) vs Inside IDPs (NOW) | N3: Total Displaced=Inside+Outside (Families & Persons) CUM / NOW (Please separate column for CUM and NOW | O3: EC count - NOW vs CUM | P3: NOW < CUM (Families Inside EC) | Q3: NOW < CUM (Person Inside EC) | R3: NOW < CUM (Families Outside EC) | S3: NOW < CUM (Person Outside EC) | T3: Total Persons CUM vs Inside ECs Persons CUM | U3: Total Persons NOW vs Inside ECs Persons NOW | V3: Closed EC vs SADD NOW Persons | W3: FFPs vs Affected Families (1:10) | X3: Overall Checking
E4: 0 | F4: 0 | G4: 0 | H4: 0 | I4: 0 | J4: 0 | K4: 0 | L4: 0 | M4: 0 | N4: 0 | O4: 0 | P4: 0 | Q4: 0 | R4: 0 | S4: 0 | T4: 0 | U4: 0 | V4: 0 | W4: 0 | X4: 0
E5: 0 | F5: 0 | G5: 0 | H5: 0 | I5: 0 | J5: 0 | K5: 0 | L5: 0 | M5: 0 | N5: 0 | O5: 0 | P5: 0 | Q5: 0 | R5: 0 | S5: 0 | T5: 0 | U5: 0 | V5: 0 | W5: 0 | X5: 0
E6: 0 | F6: 0 | G6: 0 | H6: 0 | I6: 0 | J6: 0 | K6: 0 | L6: 0 | M6: 0 | N6: 0 | O6: 0 | P6: 0 | Q6: 0 | R6: 0 | S6: 0 | T6: 0 | U6: 0 | V6: 0 | W6: 0 | X6: 0
E7: 0 | F7: #NAME? | G7: #NAME? | H7: #NAME? | I7: #NAME? | J7: #NAME? | K7: #NAME? | L7: #NAME? | M7: #NAME? | N7: #NAME? | O7: #NAME? | P7: #NAME? | Q7: #NAME? | R7: #NAME? | S7: #NAME? | T7: #NAME? | U7: #NAME? | V7: #NAME? | W7: #NAME? | X7: CORRECT
E8: 0 | F8: 0 | G8: 0 | H8: 0 | I8: 0 | J8: 0 | K8: 0 | L8: 0 | M8: 0 | N8: 0 | O8: 0 | P8: 0 | Q8: 0 | R8: 0 | S8: 0 | T8: 0 | U8: 0 | V8: 0 | W8: 0
E9: GRAND TOTAL | F9: #NAME? | G9: #NAME? | H9: #NAME? | I9: #NAME? | J9: #NAME? | K9: #NAME? | L9: #NAME? | M9: #NAME? | N9: #NAME? | O9: #NAME? | P9: #NAME? | Q9: #NAME? | R9: #NAME? | S9: #NAME? | V9: #NAME? | W9: #NAME?
E10: REGION I | F10: #NAME? | G10: #NAME? | H10: #NAME? | I10: #NAME? | J10: 0 | K10: #NAME? | L10: #NAME? | M10: #NAME? | N10: #NAME? | O10: #NAME? | P10: #NAME? | Q10: #NAME? | R10: #NAME? | S10: #NAME? | V10: #NAME? | W10: #NAME?
E11: Ilocos Norte | F11: #NAME? | G11: #NAME? | H11: #NAME? | I11: #NAME? | J11: 0 | K11: #NAME? | L11: #NAME? | M11: #NAME? | N11: #NAME? | O11: #NAME? | P11: #NAME? | Q11: #NAME? | R11: #NAME? | S11: #NAME? | V11: #NAME? | W11: #NAME?
E12: PLGU Ilocos Norte | F12: #NAME? | G12: #NAME? | H12: #NAME? | I12: #NAME? | J12: 0 | K12: #NAME? | L12: #NAME? | M12: #NAME? | N12: #NAME? | O12: #NAME? | P12: #NAME? | Q12: #NAME? | R12: #NAME? | S12: #NAME? | V12: #NAME? | W12: #NAME?
E13: Adams | F13: #NAME? | G13: #NAME? | H13: #NAME? | I13: #NAME? | J13: 0 | K13: #NAME? | L13: #NAME? | M13: #NAME? | N13: #NAME? | O13: #NAME? | P13: #NAME? | Q13: #NAME? | R13: #NAME? | S13: #NAME? | V13: #NAME? | W13: #NAME?
E14: Bacarra | F14: #NAME? | G14: #NAME? | H14: #NAME? | I14: #NAME? | J14: 0 | K14: #NAME? | L14: #NAME? | M14: #NAME? | N14: #NAME? | O14: #NAME? | P14: #NAME? | Q14: #NAME? | R14: #NAME? | S14: #NAME? | V14: #NAME? | W14: #NAME?
E15: Badoc | F15: #NAME? | G15: #NAME? | H15: #NAME? | I15: #NAME? | J15: 0 | K15: #NAME? | L15: #NAME? | M15: #NAME? | N15: #NAME? | O15: #NAME? | P15: #NAME? | Q15: #NAME? | R15: #NAME? | S15: #NAME? | V15: #NAME? | W15: #NAME?
E16: Bangui | F16: #NAME? | G16: #NAME? | H16: #NAME? | I16: #NAME? | J16: 0 | K16: #NAME? | L16: #NAME? | M16: #NAME? | N16: #NAME? | O16: #NAME? | P16: #NAME? | Q16: #NAME? | R16: #NAME? | S16: #NAME? | V16: #NAME? | W16: #NAME?
E17: City of Batac | F17: #NAME? | G17: #NAME? | H17: #NAME? | I17: #NAME? | J17: 0 | K17: #NAME? | L17: #NAME? | M17: #NAME? | N17: #NAME? | O17: #NAME? | P17: #NAME? | Q17: #NAME? | R17: #NAME? | S17: #NAME? | V17: #NAME? | W17: #NAME?
E18: Burgos | F18: #NAME? | G18: #NAME? | H18: #NAME? | I18: #NAME? | J18: 0 | K18: #NAME? | L18: #NAME? | M18: #NAME? | N18: #NAME? | O18: #NAME? | P18: #NAME? | Q18: #NAME? | R18: #NAME? | S18: #NAME? | V18: #NAME? | W18: #NAME?
E19: Carasi | F19: #NAME? | G19: #NAME? | H19: #NAME? | I19: #NAME? | J19: 0 | K19: #NAME? | L19: #NAME? | M19: #NAME? | N19: #NAME? | O19: #NAME? | P19: #NAME? | Q19: #NAME? | R19: #NAME? | S19: #NAME? | V19: #NAME? | W19: #NAME?
E20: Currimao | F20: #NAME? | G20: #NAME? | H20: #NAME? | I20: #NAME? | J20: 0 | K20: #NAME? | L20: #NAME? | M20: #NAME? | N20: #NAME? | O20: #NAME? | P20: #NAME? | Q20: #NAME? | R20: #NAME? | S20: #NAME? | V20: #NAME? | W20: #NAME?
E21: Dingras | F21: #NAME? | G21: #NAME? | H21: #NAME? | I21: #NAME? | J21: 0 | K21: #NAME? | L21: #NAME? | M21: #NAME? | N21: #NAME? | O21: #NAME? | P21: #NAME? | Q21: #NAME? | R21: #NAME? | S21: #NAME? | V21: #NAME? | W21: #NAME?
... E142: Laoac | F142: #NAME? | G142: #NAME? | H142: #NAME? | I142: #NAME? | J142: 0 | K142: #NAME? | L142: #NAME? | M142: #NAME? | N142: #NAME? | O142: #NAME? | P142: #NAME? | Q142: #NAME? | R142: #NAME? | S142: #NAME? | V142: #NAME? | W142: #NAME?
E143: City of Dagupan | F143: #NAME? | G143: #NAME? | H143: #NAME? | I143: #NAME? | J143: 0 | K143: #NAME? | L143: #NAME? | M143: #NAME? | N143: #NAME? | O143: #NAME? | P143: 0 | Q143: 0 | R143: 0 | S143: #NAME? | V143: #NAME? | W143: #NAME?

Sheet FO 1 SUMMARY
C1: Reg_Code_updated | D1: Prov_Code | E1: Mun_Code | F1: Reg_Name_Updated | G1: Pro_Name_updated | I1: PSA_2020 | J1: Brgy_Cnt | K1: Aff_Fam | L1: Aff_Per | M1: 4Ps_Fam | N1: EC_Cum | O1: EC_Now | S1: INFam_Cum | T1: INFam_Now | U1: INPer_Cum | V1: INPer_Now | W1: OUTFam_Cum | X1: OUTFam_Now | Y1: OUTPer_Cum | Z1: OUTPer_Now | AA1: DTOTFam_Cum | AB1: DTOTFam_Now | AC1: DTOTPer_Cum | AD1: DTOTPer_Now | AG1: M_Inf_CUM | AH1: F_Inf_NOW | AI1: F_Inf_CUM | AJ1: M_Inf_NOW | AK1: M_Tod_CUM | AL1: F_Tod_NOW | AM1: F_Tod_CUM | AN1: F_Tod_NOW | AO1: M_PSch_CUM | AP1: M_PSch_NOW | AQ1: F_PSch_CUM | AR1: F_PSch_NOW | AS1: M_Sch_CUM | AT1: M_Sch_NOW | AU1: F_Sch_CUM | AV1: F_Sch_NOW | AW1: M_Teen_CUM | AX1: M_Teen_NOW | AY1: F_Teen_CUM | AZ1: F_Teen_NOW | BA1: M_Adu_CUM | BB1: M_Adu_NOW | BC1: F_Adu_CUM | BD1: F_Adu_NOW | BE1: M_Snr_CUM | BF1: M_Snr_NOW | BG1: F_Snr_CUM | BH1: F_Snr_NOW | BI1: M_IDPs_CUM | BJ1: M_IDPs_NOW | BK1: F_IDPs_CUM | BL1: F_IDPs_NOW | BM1: PreW_CUM | BN1: PreW_NOW | BO1: Lac_CUM | BP1: Lac_NOW | BQ1: M_Min_CUM | BR1: M_Min_NOW | BS1: F_Min_CUM | BT1: F_Min_NOW | BY1: M_SolP_CUM | BZ1: M_SolP_NOW | CA1: F_SolP_CUM | CB1: F_SolP_NOW | CC1: M_PWDs_CUM | CD1: M_PWDs_NOW | CE1: F_PWDs_CUM | CF1: F_PWDs_NOW | CG1: M_IPs_CUM | CH1: M_IPs_NOW | CI1: F_IPs_CUM | CJ1: F_IPs_NOW | EA1: TOT_DHous | EB1: Tota_DHous | EC1: Par_DHous | ED1: DelFFPs_Q | EE1: DelFFPs_C | EF1: HEB_Q | EG1: HEB_C | EH1: RTEF_Q | EI1: RTEF_C | EJ1: SackRice_Q | EK1: SackRice_C | EM1: OFI_Q | EN1: OFI_C | EO1: ShelKit_Q | EP1: ShelKit_C | EQ1: HygKit_Q | ER1: HygKit_C | ES1: SlpKit_Q | ET1: SlpKit_C | EU1: KitchKit_Q | EV1: KitchKit_C | EW1: FamKit_Q | EX1: FamKit_C | EY1: WatCon_Q | EZ1: WatCon_C | FA1: LamSack_Q | FB1: LamSack_C | FC1: Tents_Q | FD1: Tents_C | FE1: MTents_Q | FF1: MTents_C | FH1: ONFI_Q | FI1: ONFI_C | FX1: DSWD | FY1: LGU | FZ1: NGOs | GA1: Others | GB1: Grand_TOT
H2: REGION / PROVINCE / MUNICIPALITY | I2: PSA 2024 | J2: NUMBER OF AFFECTED | N2: DISPLACEMENT DATA | AE2: NON IDPs | AG2: SEX & AGE DISTRIBUTION of IDPS INSIDE ECS | BM2: PREGNANT | BO2: LACTATING MOTHERS | BQ2: CHILD-HEADED FAMILY | BU2: SINGLE-HEADED FAMILY | BY2: SOLO PARENT | CC2: PERSONS W/ DISABILITY | CG2: INDIGENOUS PEOPLE (IPs) | CK2: 4Ps BENEFICIARIES | CO2: EVACUATION CENTER FACILITIES | DS2: Tents Deployed in Evacuation Centers | EA2: NO. OF DAMAGED HOUSES | ED2: DSWD FINANCIAL ASSISTANCE TOTAL + FNI
N3: NUMBER OF EVACUATION CENTERS (ECs) | P3: LATITUDE | Q3: LONGITUDE | R3: ORIGIN of IDPs | S3: NUMBER OF DISPLACED | ED3: DSWD | FW3: FINANCIAL ASSISTANCE TOTAL | FX3: DSWD FINANCIAL ASSISTANCE TOTAL + FNI | FY3: LGU | FZ3: NGOs | GA3: OTHERS | GB3: GRAND TOTAL (DSWD FNI + OTHER STAKEHOLDERS) | GC3: GRAND TOTAL (DSWD FNI & FINANCIAL ASSISTANCE + OTHER STAKEHOLDERS) | GD3: FILTER DISAGREGATED | GE3: HPMES DATA | GF3: FILTER SECTORAL
S4: INSIDE ECs | W4: OUTSIDE ECs | AA4: TOTAL | AE4: Families | AF4: Person | AG4: INFANT 0-6mos | AK4: TODDLERS 7 mos -2 y/o | AO4: PRESCHOOLERS 3-5 y/o | AS4: SCHOOL AGE 6-12 y/o | AW4: TEENAGE 13-17 y/o | BA4: ADULT 18-59 y/o | BE4: ELDERLY 60 and above | BI4: Total Number of IDPs Inside ECs | CO4: LATRINES | CW4: Child-Friendly Spaces | CY4: Women Friendly Spaces | DA4: Health Facility | DC4: Prayer Rooms | DE4: Community Kitchens | DG4: Handwashing Facility | DI4: Livestock Area | DK4: Camp Management Desk | DM4: Info Boards | DO4: Storage Area | DQ4: Laundry Space | ED4: Food Items | EO4: Non-Food Items | FJ4: FNI TOTAL | FK4: AICS | FN4: AKAP | FQ4: ECT | FS4: CFW | FU4: SLP
J5: Barangays | K5: Families | L5: Persons | M5: 4Ps Families | S5: Families | U5: Persons | W5: Families | Y5: Persons | AA5: Families | AC5: Persons | AG5: Male | AI5: Female | AK5: Male | AM5: Female | AO5: Male | AQ5: Female | AS5: Male | AU5: Female | AW5: Male | AY5: Female | BA5: Male | BC5: Female | BE5: Male | BG5: Female | BI5: Male | BK5: Female | BQ5: Male | BS5: Female | BU5: Male | BW5: Female | BY5: Male | CA5: Female | CC5: Male | CE5: Female | CG5: Male | CI5: Female | CK5: Male | CM5: Female | CO5: Compost Pit | CP5: Sealed | CQ5: TOILET | CT5: BATHING AREA | DS5: Family Tents | DU5: Modular Tents | DW5: Child Friendly Tents | DY5: Women Friendly Tents | ED5: FFP | EF5: HEB | EH5: RTEF | EJ5: RICE | EL5: Other Food Items | EO5: Family Kits | EQ5: Family Tent | ES5: Hygiene Kits | EU5: Kitchen Kits | EW5: Laminated Sacks | EY5: Modular Tent | FA5: Shelter Kits | FC5: Sleeping Kits | FE5: Water Container | FG5: OTHER Non-Food Items
N6: CUM | O6: NOW | S6: CUM | T6: NOW | U6: CUM | V6: NOW | W6: CUM | X6: NOW | Y6: CUM | Z6: NOW | AA6: CUM | AB6: NOW | AC6: CUM | AD6: NOW | AG6: CUM | AH6: NOW | AI6: CUM | AJ6: NOW | AK6: CUM | AL6: NOW | AM6: CUM | AN6: NOW | AO6: CUM | AP6: NOW | AQ6: CUM | AR6: NOW | AS6: CUM | AT6: NOW | AU6: CUM | AV6: NOW | AW6: CUM | AX6: NOW | AY6: CUM | AZ6: NOW | BA6: CUM | BB6: NOW | BC6: CUM | BD6: NOW | BE6: CUM | BF6: NOW | BG6: CUM | BH6: NOW | BI6: CUM | BJ6: NOW | BK6: CUM | BL6: NOW | BM6: CUM | BN6: NOW | BO6: CUM | BP6: NOW | BQ6: CUM | BR6: NOW | BS6: CUM | BT6: NOW | BU6: CUM | BV6: NOW | BW6: CUM | BX6: NOW | BY6: CUM | BZ6: NOW | CA6: CUM | CB6: NOW | CC6: CUM | CD6: NOW | CE6: CUM | CF6: NOW | CG6: CUM | CH6: NOW | CI6: CUM | CJ6: NOW | CK6: CUM | CL6: NOW | CM6: CUM | CN6: NOW | CQ6: Male | CR6: Female | CS6: Common | CT6: Male | CU6: Female | CV6: Common | CW6: CUM | CX6: NOW | CY6: CUM | CZ6: NOW | DA6: CUM | DB6: NOW | DC6: CUM | DD6: NOW | DE6: CUM | DF6: NOW | DG6: CUM | DH6: NOW | DI6: CUM | DJ6: NOW | DK6: CUM | DL6: NOW | DM6: CUM | DN6: NOW | DO6: CUM | DP6: NOW | DQ6: CUM | DR6: NOW | DS6: CUM | DT6: NOW | DU6: CUM | DV6: NOW | DW6: CUM | DX6: NOW | DY6: CUM | DZ6: NOW | EA6: Total | EB6: Totally | EC6: Partially | ED6: Quantity | EE6: Cost | EF6: Quantity | EG6: Cost | EH6: Quantity | EI6: Cost | EJ6: Quantity | EK6: Cost | EL6: Name | EM6: Quantity | EN6: Cost | EO6: Quantity | EP6: Cost | EQ6: Quantity | ER6: Cost | ES6: Quantity | ET6: Cost | EU6: Quantity | EV6: Cost | EW6: Quantity | EX6: Cost | EY6: Quantity | EZ6: Cost | FA6: Quantity | FB6: Cost | FC6: Quantity | FD6: Cost | FE6: Quantity | FF6: Cost | FG6: Name | FH6: Quantity | FI6: Cost | FK6: Number of Beneficiaries | FL6: Unit Cost | FM6: Cost | FN6: Number of Beneficiaries | FO6: Unit Cost | FP6: Cost | FQ6: Number of Beneficiaries | FR6: Cost | FS6: Number of Beneficiaries | FT6: Cost | FU6: Number of Beneficiaries | FV6: Cost
B8: 1 | H8: GRAND TOTAL | I8: =SUM(I9) -> 5489760 | J8: =SUM(J9) -> 15 | K8: =SUM(K9) -> 1094 | L8: =SUM(L9) -> 2709 | M8: =SUM(M9) -> 1 | N8: =SUM(N9) -> 0 | O8: =SUM(O9) -> 0 | R8: =SUM(R9) -> 0 | S8: =SUM(S9) -> 0 | T8: =SUM(T9) -> 0 | U8: =SUM(U9) -> 0 | V8: =SUM(V9) -> 0 | W8: =SUM(W9) -> 0 | X8: =SUM(X9) -> 0 | Y8: =SUM(Y9) -> 0 | ... FK8: =SUM(FK9) -> 0 | FM8: =SUM(FM9) -> 0 | FN8: =SUM(FN9) -> 0 | FP8: =SUM(FP9) -> 0 | FQ8: =SUM(FQ9) -> 0 | FR8: =SUM(FR9) -> 0 | FS8: =SUM(FS9) -> 0 | FT8: =SUM(FT9) -> 0 | FU8: =SUM(FU9) -> 0 | FV8: =SUM(FV9) -> 0 | FW8: =SUM(FW9) -> 0 | ... GC8: =SUM(GC9) -> 79564 | GD8: =IF(AG8+AI8+AK8+A8+AM8+AO8+AQ8+AS8+AU8+AW8+AY8+BA8+BC8+BE8+BG8>0,"DATA","N/A") -> N/A | GE8: {=IF(J8:J142 + L8:L142 + M8:M142 + Y8:Y142 + Z8:Z142 + AA8:AA142 + AB8:AB142 + BG8:BG142 + BH8:BH142 + BI8:BI142 + BJ8:BJ142 + CW8:CW142 + CX8:CX142 + EA8:EA142 + GB8:GB142 > 0, "DATA", "N/A")} -> DATA | GF8: =IF(BM8+BO8+BQ8+BS8+BY8+CA8+CC8+CE8+CG8+CI8<0,"DATA","N/A") -> N/A
B9: 2 | C9: PH0100000000 | F9: Region I (Ilocos Region) | H9: REGION I | I9: =SUM(I10,I35,I71,I93,I142) -> 5489760 | J9: =SUM(J10,J35,J71,J93,J142) -> 15 | K9: =SUM(K10,K35,K71,K93,K142) -> 1094 | L9: =SUM(L10,L35,L71,L93,L142) -> 2709 | M9: =SUM(M10,M35,M71,M93,M142) -> 1 | N9: =SUM(N10,N35,N71,N93,N142) -> 0 | O9: =SUM(O10,O35,O71,O93,O142) -> 0 | R9: =SUM(R10,R35,R71,R93,R142) -> 0 | S9: =SUM(S10,S35,S71,S93,S142) -> 0 | T9: =SUM(T10,T35,T71,T93,T142) -> 0 | U9: =SUM(U10,U35,U71,U93,U142) -> 0 | V9: =SUM(V10,V35,V71,V93,V142) -> 0 | W9: =SUM(W10,W35,W71,W93,W142) -> 0 | X9: =SUM(X10,X35,X71,X93,X142) -> 0 | Y9: =SUM(Y10,Y35,Y71,Y93,Y142) -> 0 | ... FK9: =SUM(FK10,FK35,FK71,FK93,FK142) -> 0 | FM9: =SUM(FM10,FM35,FM71,FM93,FM142) -> 0 | FN9: =SUM(FN10,FN35,FN71,FN93,FN142) -> 0 | FP9: =SUM(FP10,FP35,FP71,FP93,FP142) -> 0 | FQ9: =SUM(FQ10,FQ35,FQ71,FQ93,FQ142) -> 0 | FR9: =SUM(FR10,FR35,FR71,FR93,FR142) -> 0 | FS9: =SUM(FS10,FS35,FS71,FS93,FS142) -> 0 | FT9: =SUM(FT10,FT35,FT71,FT93,FT142) -> 0 | FU9: =SUM(FU10,FU35,FU71,FU93,FU142) -> 0 | FV9: =SUM(FV10,FV35,FV71,FV93,FV142) -> 0 | FW9: =SUM(FW10,FW35,FW71,FW93,FW142) -> 0 | ... GC9: =SUM(GC10,GC35,GC71,GC93,GC142) -> 79564 | GD9: =IF(AG9+AI9+AK9+A9+AM9+AO9+AQ9+AS9+AU9+AW9+AY9+BA9+BC9+BE9+BG9>0,"DATA","N/A") -> N/A | GE9: DATA | GF9: =IF(BM9+BO9+BQ9+BS9+BY9+CA9+CC9+CE9+CG9+CI9<0,"DATA","N/A") -> N/A
B10: 3 | C10: PH0100000000 | F10: Region I (Ilocos Region) | H10: Ilocos Norte | I10: =SUM(I11,I12,I13,I14,I15,I16,I17,I18,I19,I20,I21,I22,I23,I24,I25,I26,I27,I28,I29,I30,I31,I32,I33,I34) -> 618850 | J10: =SUM(J11:J34) -> 0 | K10: =SUM(K11:K34) -> 0 | L10: =SUM(L11:L34) -> 0 | M10: =SUM(M11:M34) -> 0 | N10: =SUM(N11:N34) -> 0 | O10: =SUM(O11:O34) -> 0 | R10: =SUM(R11:R34) -> 0 | S10: =SUM(S11:S34) -> 0 | T10: =SUM(T11:T34) -> 0 | U10: =SUM(U11:U34) -> 0 | V10: =SUM(V11:V34) -> 0 | W10: =SUM(W11:W34) -> 0 | X10: =SUM(X11:X34) -> 0 | Y10: =SUM(Y11:Y34) -> 0 | ... FK10: =SUM(FK11:FK34) -> 0 | FM10: =SUM(FM11:FM34) -> 0 | FN10: =SUM(FN11:FN34) -> 0 | FP10: =SUM(FP11:FP34) -> 0 | FQ10: =SUM(FQ11:FQ34) -> 0 | FR10: =SUM(FR11:FR34) -> 0 | FS10: =SUM(FS11:FS34) -> 0 | FT10: =SUM(FT11:FT34) -> 0 | FU10: =SUM(FU11:FU34) -> 0 | FV10: =SUM(FV11:FV34) -> 0 | FW10: =SUM(FW11:FW34) -> 0 | ... GC10: =SUM(GC11:GC34) -> 0 | GD10: =IF(AG10+AI10+AK10+A10+AM10+AO10+AQ10+AS10+AU10+AW10+AY10+BA10+BC10+BE10+BG10>0,"DATA","N/A") -> N/A | GE10: N/A | GF10: =IF(BM10+BO10+BQ10+BS10+BY10+CA10+CC10+CE10+CG10+CI10<0,"DATA","N/A") -> N/A
B11: 5 | C11: PH0100000000 | D11: PH0102800000 | E11: PLGU Ilocos Norte | F11: Region I (Ilocos Region) | G11: Ilocos Norte | H11: PLGU Ilocos Norte | J11: ='REGION I'!I12 -> 0 | K11: ='REGION I'!J12 -> 0 | L11: ='REGION I'!K12 -> 0 | M11: ='REGION I'!L12 -> 0 | N11: ='REGION I'!M12 -> 0 | O11: ='REGION I'!N12 -> 0 | P11: ='REGION I'!O12 -> 0 | Q11: ='REGION I'!P12 -> 0 | R11: ='REGION I'!T12 -> 0 | S11: ='REGION I'!U12 -> 0 | T11: ='REGION I'!V12 -> 0 | U11: ='REGION I'!W12 -> 0 | V11: ='REGION I'!X12 -> 0 | W11: ='REGION I'!Y12 -> 0 | X11: ='REGION I'!Z12 -> 0 | Y11: ='REGION I'!AA12 -> 0 | ... ED11: ='REGION I'!EF12 -> 0 | EE11: ='REGION I'!EH12 -> 0 | EF11: ='REGION I'!EI12 -> 0 | EG11: ='REGION I'!EK12 -> 0 | EH11: ='REGION I'!EL12 -> 0 | EI11: ='REGION I'!EN12 -> 0 | EJ11: ='REGION I'!EO12 -> 0 | EK11: ='REGION I'!EQ12 -> 0 | EL11: ='REGION I'!ER12 -> 0 | EM11: ='REGION I'!ES12 -> 0 | EN11: ='REGION I'!EU12 -> 0 | EO11: ='REGION I'!EV12 -> 0 | EP11: ='REGION I'!EX12 -> 0 | EQ11: ='REGION I'!EY12 -> 0 | ER11: ='REGION I'!FA12 -> 0 | ES11: ='REGION I'!FB12 -> 0 | ET11: ='REGION I'!FD12 -> 0 | EU11: ='REGION I'!FE12 -> 0 | EV11: ='REGION I'!FG12 -> 0 | EW11: ='REGION I'!FH12 -> 0 | EX11: ='REGION I'!FJ12 -> 0 | EY11: ='REGION I'!FK12 -> 0 | EZ11: ='REGION I'!FM12 -> 0 | FA11: ='REGION I'!FN12 -> 0 | FB11: ='REGION I'!FP12 -> 0 | FC11: ='REGION I'!FQ12 -> 0 | FD11: ='REGION I'!FS12 -> 0 | FE11: ='REGION I'!FT12 -> 0 | FF11: ='REGION I'!FV12 -> 0 | FG11: ='REGION I'!FW12 -> 0 | FH11: ='REGION I'!FX12 -> 0 | FI11: ='REGION I'!FZ12 -> 0 | FJ11: ='REGION I'!GA12 -> 0 | FK11: ='REGION I'!GB12 -> 0 | FL11: ='REGION I'!GC12 -> 0 | FM11: ='REGION I'!GD12 -> 0 | FN11: ='REGION I'!GE12 -> 0 | FO11: ='REGION I'!GF12 -> 0 | FP11: ='REGION I'!GG12 -> 0 | ... FV11: ='REGION I'!GM12 -> 0 | FW11: =SUM(FM11,FP11,FR11,FT11,FV11) -> 0 | FX11: ='REGION I'!GO12 -> 0 | FY11: ='REGION I'!GS12 -> 0 | FZ11: ='REGION I'!GT12 -> 0 | GA11: ='REGION I'!GU12 -> 0 | GB11: ='REGION I'!GV12 -> 0 | GC11: ='REGION I'!GW12 -> 0 | GD11: =IF(AG11+AI11+AK11+A11+AM11+AO11+AQ11+AS11+AU11+AW11+AY11+BA11+BC11+BE11+BG11>0,"DATA","N/A") -> N/A | GE11: N/A | GF11: =IF(BM11+BO11+BQ11+BS11+BY11+CA11+CC11+CE11+CG11+CI11<0,"DATA","N/A") -> N/A
B12: 4 | C12: PH0100000000 | D12: PH0102800000 | E12: PH0102801000 | F12: Region I (Ilocos Region) | G12: Ilocos Norte | H12: Adams | I12: {=VLOOKUP(H12:H34, 'REGION I'!$B$13:$GW219, COLUMN('REGION I'!F1)-1, FALSE)} -> 2279 | J12: {=VLOOKUP(H12:H34, 'REGION I'!$B$13:$GW219, COLUMN('REGION I'!I1)-1, FALSE)} -> 0 | K12: {=VLOOKUP(H12:H34, 'REGION I'!$B$13:$GW219, COLUMN('REGION I'!J1)-1, FALSE)} -> 0 | L12: {=VLOOKUP(H12:H34, 'REGION I'!$B$13:$GW219, COLUMN('REGION I'!K1)-1, FALSE)} -> 0 | M12: {=VLOOKUP(H12:H34, 'REGION I'!$B$13:$GW219, COLUMN('REGION I'!L1)-1, FALSE)} -> 0 | N12: {=VLOOKUP(H12:H34, 'REGION I'!$B$13:$GW219, COLUMN('REGION I'!M1)-1, FALSE)} -> 0 | O12: {=VLOOKUP($H12:$H34, 'REGION I'!$B$13:$GW219, COLUMN('REGION I'!N1)-1, FALSE)} -> 0 | P12: {=VLOOKUP($H12:$H34, 'REGION I'!$B$13:$GW219, COLUMN('REGION I'!O1)-1, FALSE)} -> 0 | Q12: {=VLOOKUP($H12:$H34, 'REGION I'!$B$13:$GW219, COLUMN('REGION I'!P1)-1, FALSE)} -> 0 | R12: {=VLOOKUP(H12:H34, 'REGION I'!$B$13:$GW219, COLUMN('REGION I'!T1)-1, FALSE)} -> 0 | S12: {=VLOOKUP(H12:H34, 'REGION I'!$B$13:$GW219, COLUMN('REGION I'!U1)-1, FALSE)} -> 0 | T12: {=VLOOKUP(H12:H34, 'REGION I'!$B$13:$GW219, COLUMN('REGION I'!V1)-1, FALSE)} -> 0 | U12: {=VLOOKUP(H12:H34, 'REGION I'!$B$13:$GW219, COLUMN('REGION I'!W1)-1, FALSE)} -> 0 | V12: {=VLOOKUP(H12:H34, 'REGION I'!$B$13:$GW219, COLUMN('REGION I'!X1)-1, FALSE)} -> 0 | W12: {=VLOOKUP(H12:H34, 'REGION I'!$B$13:$GW219, COLUMN('REGION I'!Y1)-1, FALSE)} -> 0 | X12: {=VLOOKUP(H12:H34, 'REGION I'!$B$13:$GW219, COLUMN('REGION I'!Z1)-1, FALSE)} -> 0 | Y12: {=VLOOKUP(H12:H34, 'REGION I'!$B$13:$GW219, COLUMN('REGION I'!AA1)-1, FALSE)} -> 0 | Z12: {=VLOOKUP(H12:H34, 'REGION I'!$B$13:$GW219, COLUMN('REGION I'!AB1)-1, FALSE)} -> 0 | AA12: {=VLOOKUP(H12:H34, 'REGION I'!$B$13:$GW219, COLUMN('REGION I'!AC1)-1, FALSE)} -> 0 | AB12: {=VLOOKUP(H12:H34, 'REGION I'!$B$13:$GW219, COLUMN('REGION I'!AD1)-1, FALSE)} -> 0 | AC12: {=VLOOKUP(H12:H34, 'REGION I'!$B$13:$GW219, COLUMN('REGION I'!AE1)-1, FALSE)} -> 0 | AD12: {=VLOOKUP(H12:H34, 'REGION I'!$B$13:$GW219, COLUMN('REGION I'!AF1)-1, FALSE)} -> 0 | AE12: {=VLOOKUP($H12:$H34, 'REGION I'!$B$13:$GW219, COLUMN('REGION I'!AG1)-1, FALSE)} -> 0 | AF12: {=VLOOKUP($H12:$H34, 'REGION I'!$B$13:$GW219, COLUMN('REGION I'!AH1)-1, FALSE)} -> 0 | AG12: {=VLOOKUP($H12:$H34, 'REGION I'!$B$13:$GW219, COLUMN('REGION I'!AI1)-1, FALSE)} -> 0 | AH12: {=VLOOKUP(H12:H34, 'REGION I'!$B$13:$GW219, COLUMN('REGION I'!AJ1)-1, FALSE)} -> 0 | AI12: {=VLOOKUP(H12:H34, 'REGION I'!$B$13:$GW219, COLUMN('REGION I'!AK1)-1, FALSE)} -> 0 | AJ12: {=VLOOKUP(H12:H34, 'REGION I'!$B$13:$GW219, COLUMN('REGION I'!AL1)-1, FALSE)} -> 0 | AK12: {=VLOOKUP(H12:H34, 'REGION I'!$B$13:$GW219, COLUMN('REGION I'!AM1)-1, FALSE)} -> 0 | AL12: {=VLOOKUP(H12:H34, 'REGION I'!$B$13:$GW219, COLUMN('REGION I'!AN1)-1, FALSE)} -> 0 | AM12: {=VLOOKUP(H12:H34, 'REGION I'!$B$13:$GW219, COLUMN('REGION I'!AO1)-1, FALSE)} -> 0 | AN12: {=VLOOKUP(H12:H34, 'REGION I'!$B$13:$GW219, COLUMN('REGION I'!AP1)-1, FALSE)} -> 0 | AO12: {=VLOOKUP(H12:H34, 'REGION I'!$B$13:$GW219, COLUMN('REGION I'!AQ1)-1, FALSE)} -> 0 | AP12: {=VLOOKUP(H12:H34, 'REGION I'!$B$13:$GW219, COLUMN('REGION I'!AR1)-1, FALSE)} -> 0 | AQ12: {=VLOOKUP(H12:H34, 'REGION I'!$B$13:$GW219, COLUMN('REGION I'!AS1)-1, FALSE)} -> 0 | AR12: {=VLOOKUP(H12:H34, 'REGION I'!$B$13:$GW219, COLUMN('REGION I'!AT1)-1, FALSE)} -> 0 | AS12: {=VLOOKUP(H12:H34, 'REGION I'!$B$13:$GW219, COLUMN('REGION I'!AU1)-1, FALSE)} -> 0 | AT12: {=VLOOKUP(H12:H34, 'REGION I'!$B$13:$GW219, COLUMN('REGION I'!AV1)-1, FALSE)} -> 0 | AU12: {=VLOOKUP(H12:H34, 'REGION I'!$B$13:$GW219, COLUMN('REGION I'!AW1)-1, FALSE)} -> 0 | AV12: {=VLOOKUP(H12:H34, 'REGION I'!$B$13:$GW219, COLUMN('REGION I'!AX1)-1, FALSE)} -> 0 | AW12: {=VLOOKUP(H12:H34, 'REGION I'!$B$13:$GW219, COLUMN('REGION I'!AY1)-1, FALSE)} -> 0 | AX12: {=VLOOKUP(H12:H34, 'REGION I'!$B$13:$GW219, COLUMN('REGION I'!AZ1)-1, FALSE)} -> 0 | AY12: {=VLOOKUP(H12:H34, 'REGION I'!$B$13:$GW219, COLUMN('REGION I'!BA1)-1, FALSE)} -> 0 | AZ12: {=VLOOKUP(H12:H34, 'REGION I'!$B$13:$GW219, COLUMN('REGION I'!BB1)-1, FALSE)} -> 0 | BA12: {=VLOOKUP(H12:H34, 'REGION I'!$B$13:$GW219, COLUMN('REGION I'!BC1)-1, FALSE)} -> 0 | BB12: {=VLOOKUP(H12:H34, 'REGION I'!$B$13:$GW219, COLUMN('REGION I'!BD1)-1, FALSE)} -> 0 | BC12: {=VLOOKUP(H12:H34, 'REGION I'!$B$13:$GW219, COLUMN('REGION I'!BE1)-1, FALSE)} -> 0 | BD12: {=VLOOKUP(H12:H34, 'REGION I'!$B$13:$GW219, COLUMN('REGION I'!BF1)-1, FALSE)} -> 0 | BE12: {=VLOOKUP(H12:H34, 'REGION I'!$B$13:$GW219, COLUMN('REGION I'!BG1)-1, FALSE)} -> 0 | BF12: {=VLOOKUP(H12:H34, 'REGION I'!$B$13:$GW219, COLUMN('REGION I'!BH1)-1, FALSE)} -> 0 | BG12: {=VLOOKUP(H12:H34, 'REGION I'!$B$13:$GW219, COLUMN('REGION I'!BI1)-1, FALSE)} -> 0 | BH12: {=VLOOKUP(H12:H34, 'REGION I'!$B$13:$GW219, COLUMN('REGION I'!BJ1)-1, FALSE)} -> 0 | BI12: {=VLOOKUP(H12:H34, 'REGION I'!$B$13:$GW219, COLUMN('REGION I'!BK1)-1, FALSE)} -> 0 | BJ12: {=VLOOKUP(H12:H34, 'REGION I'!$B$13:$GW219, COLUMN('REGION I'!BL1)-1, FALSE)} -> 0 | BK12: {=VLOOKUP(H12:H34, 'REGION I'!$B$13:$GW219, COLUMN('REGION I'!BM1)-1, FALSE)} -> 0 | BL12: {=VLOOKUP(H12:H34, 'REGION I'!$B$13:$GW219, COLUMN('REGION I'!BN1)-1, FALSE)} -> 0 | BM12: {=VLOOKUP(H12:H34, 'REGION I'!$B$13:$GW219, COLUMN('REGION I'!BO1)-1, FALSE)} -> 0 | BN12: {=VLOOKUP(H12:H34, 'REGION I'!$B$13:$GW219, COLUMN('REGION I'!BP1)-1, FALSE)} -> 0 | BO12: {=VLOOKUP(H12:H34, 'REGION I'!$B$13:$GW219, COLUMN('REGION I'!BQ1)-1, FALSE)} -> 0 | BP12: {=VLOOKUP(H12:H34, 'REGION I'!$B$13:$GW219, COLUMN('REGION I'!BR1)-1, FALSE)} -> 0 | BQ12: {=VLOOKUP(H12:H34, 'REGION I'!$B$13:$GW219, COLUMN('REGION I'!BS1)-1, FALSE)} -> 0 | BR12: {=VLOOKUP(H12:H34, 'REGION I'!$B$13:$GW219, COLUMN('REGION I'!BT1)-1, FALSE)} -> 0 | BS12: {=VLOOKUP(H12:H34, 'REGION I'!$B$13:$GW219, COLUMN('REGION I'!BU1)-1, FALSE)} -> 0 | BT12: {=VLOOKUP(H12:H34, 'REGION I'!$B$13:$GW219, COLUMN('REGION I'!BV1)-1, FALSE)} -> 0 | BU12: {=VLOOKUP(H12:H34, 'REGION I'!$B$13:$GW219, COLUMN('REGION I'!BW1)-1, FALSE)} -> 0 | BV12: {=VLOOKUP(H12:H34, 'REGION I'!$B$13:$GW219, COLUMN('REGION I'!BX1)-1, FALSE)} -> 0 | BW12: {=VLOOKUP(H12:H34, 'REGION I'!$B$13:$GW219, COLUMN('REGION I'!BY1)-1, FALSE)} -> 0 | BX12: {=VLOOKUP(H12:H34, 'REGION I'!$B$13:$GW219, COLUMN('REGION I'!BZ1)-1, FALSE)} -> 0 | BY12: {=VLOOKUP(H12:H34, 'REGION I'!$B$13:$GW219, COLUMN('REGION I'!CA1)-1, FALSE)} -> 0 | BZ12: {=VLOOKUP(H12:H34, 'REGION I'!$B$13:$GW219, COLUMN('REGION I'!CB1)-1, FALSE)} -> 0 | CA12: {=VLOOKUP(H12:H34, 'REGION I'!$B$13:$GW219, COLUMN('REGION I'!CC1)-1, FALSE)} -> 0 | CB12: {=VLOOKUP(H12:H34, 'REGION I'!$B$13:$GW219, COLUMN('REGION I'!CD1)-1, FALSE)} -> 0 | CC12: {=VLOOKUP(H12:H34, 'REGION I'!$B$13:$GW219, COLUMN('REGION I'!CE1)-1, FALSE)} -> 0 | CD12: {=VLOOKUP(H12:H34, 'REGION I'!$B$13:$GW219, COLUMN('REGION I'!CF1)-1, FALSE)} -> 0 | CE12: {=VLOOKUP(H12:H34, 'REGION I'!$B$13:$GW219, COLUMN('REGION I'!CG1)-1, FALSE)} -> 0 | CF12: {=VLOOKUP(H12:H34, 'REGION I'!$B$13:$GW219, COLUMN('REGION I'!CH1)-1, FALSE)} -> 0 | CG12: {=VLOOKUP(H12:H34, 'REGION I'!$B$13:$GW219, COLUMN('REGION I'!CI1)-1, FALSE)} -> 0 | CH12: {=VLOOKUP(H12:H34, 'REGION I'!$B$13:$GW219, COLUMN('REGION I'!CJ1)-1, FALSE)} -> 0 | CI12: {=VLOOKUP(H12:H34, 'REGION I'!$B$13:$GW219, COLUMN('REGION I'!CK1)-1, FALSE)} -> 0 | CJ12: {=VLOOKUP(H12:H34, 'REGION I'!$B$13:$GW219, COLUMN('REGION I'!CL1)-1, FALSE)} -> 0 | CK12: {=VLOOKUP(H12:H34, 'REGION I'!$B$13:$GW219, COLUMN('REGION I'!CM1)-1, FALSE)} -> 0 | CL12: {=VLOOKUP(H12:H34, 'REGION I'!$B$13:$GW219, COLUMN('REGION I'!CN1)-1, FALSE)} -> 0 | CM12: {=VLOOKUP(H12:H34, 'REGION I'!$B$13:$GW219, COLUMN('REGION I'!CO1)-1, FALSE)} -> 0 | CN12: {=VLOOKUP(H12:H34, 'REGION I'!$B$13:$GW219, COLUMN('REGION I'!CP1)-1, FALSE)} -> 0 | CO12: {=VLOOKUP($H12:$H34, 'REGION I'!$B$13:$GW219, COLUMN('REGION I'!CQ1)-1, FALSE)} -> 0 | CP12: {=VLOOKUP($H12:$H34, 'REGION I'!$B$13:$GW219, COLUMN('REGION I'!CR1)-1, FALSE)} -> 0 | CQ12: {=VLOOKUP($H12:$H34, 'REGION I'!$B$13:$GW219, COLUMN('REGION I'!CS1)-1, FALSE)} -> 0 | CR12: {=VLOOKUP($H12:$H34, 'REGION I'!$B$13:$GW219, COLUMN('REGION I'!CT1)-1, FALSE)} -> 0 | CS12: {=VLOOKUP($H12:$H34, 'REGION I'!$B$13:$GW219, COLUMN('REGION I'!CU1)-1, FALSE)} -> 0 | CT12: {=VLOOKUP($H12:$H34, 'REGION I'!$B$13:$GW219, COLUMN('REGION I'!CV1)-1, FALSE)} -> 0 | CU12: {=VLOOKUP($H12:$H34, 'REGION I'!$B$13:$GW219, COLUMN('REGION I'!CW1)-1, FALSE)} -> 0 | CV12: {=VLOOKUP($H12:$H34, 'REGION I'!$B$13:$GW219, COLUMN('REGION I'!CX1)-1, FALSE)} -> 0 | ... DZ12: {=VLOOKUP($H12:$H34, 'REGION I'!$B$13:$GW219, COLUMN('REGION I'!EB1)-1, FALSE)} -> 0 | EA12: {=VLOOKUP(H12:H34, 'REGION I'!$B$13:$GW219, COLUMN('REGION I'!EC1)-1, FALSE)} -> 0 | EB12: {=VLOOKUP(H12:H34, 'REGION I'!$B$13:$GW219, COLUMN('REGION I'!ED1)-1, FALSE)} -> 0 | EC12: {=VLOOKUP(H12:H34, 'REGION I'!$B$13:$GW219, COLUMN('REGION I'!EE1)-1, FALSE)} -> 0 | ED12: {=VLOOKUP(H12:H34, 'REGION I'!$B$13:$GW219, COLUMN('REGION I'!EF1)-1, FALSE)} -> 0 | EE12: {=VLOOKUP(H12:H34, 'REGION I'!$B$13:$GW219, COLUMN('REGION I'!EH1)-1, FALSE)} -> 0 | EF12: {=VLOOKUP(H12:H34, 'REGION I'!$B$13:$GW219, COLUMN('REGION I'!EI1)-1, FALSE)} -> 0 | EG12: {=VLOOKUP(H12:H34, 'REGION I'!$B$13:$GW219, COLUMN('REGION I'!EK1)-1, FALSE)} -> 0 | EH12: {=VLOOKUP(H12:H34, 'REGION I'!$B$13:$GW219, COLUMN('REGION I'!EL1)-1, FALSE)} -> 0 | EI12: {=VLOOKUP(H12:H34, 'REGION I'!$B$13:$GW219, COLUMN('REGION I'!EN1)-1, FALSE)} -> 0 | EJ12: {=VLOOKUP(H12:H34, 'REGION I'!$B$13:$GW219, COLUMN('REGION I'!EO1)-1, FALSE)} -> 0 | EK12: {=VLOOKUP(H12:H34, 'REGION I'!$B$13:$GW219, COLUMN('REGION I'!EQ1)-1, FALSE)} -> 0 | EL12: {=VLOOKUP(H12:H34, 'REGION I'!$B$13:$GW219, COLUMN('REGION I'!ER1)-1, FALSE)} -> 0 | EM12: {=VLOOKUP(H12:H34, 'REGION I'!$B$13:$GW219, COLUMN('REGION I'!ES1)-1, FALSE)} -> 0 | EN12: {=VLOOKUP(H12:H34, 'REGION I'!$B$13:$GW219, COLUMN('REGION I'!EU1)-1, FALSE)} -> 0 | EO12: {=VLOOKUP(H12:H34, 'REGION I'!$B$13:$GW219, COLUMN('REGION I'!EV1)-1, FALSE)} -> 0 | EP12: {=VLOOKUP(H12:H34, 'REGION I'!$B$13:$GW219, COLUMN('REGION I'!EX1)-1, FALSE)} -> 0 | EQ12: {=VLOOKUP(H12:H34, 'REGION I'!$B$13:$GW219, COLUMN('REGION I'!EY1)-1, FALSE)} -> 0 | ER12: {=VLOOKUP(H12:H34, 'REGION I'!$B$13:$GW219, COLUMN('REGION I'!FA1)-1, FALSE)} -> 0 | ES12: {=VLOOKUP(H12:H34, 'REGION I'!$B$13:$GW219, COLUMN('REGION I'!FB1)-1, FALSE)} -> 0 | ET12: {=VLOOKUP(H12:H34, 'REGION I'!$B$13:$GW219, COLUMN('REGION I'!FD1)-1, FALSE)} -> 0 | EU12: {=VLOOKUP(H12:H34, 'REGION I'!$B$13:$GW219, COLUMN('REGION I'!FE1)-1, FALSE)} -> 0 | EV12: {=VLOOKUP(H12:H34, 'REGION I'!$B$13:$GW219, COLUMN('REGION I'!FG1)-1, FALSE)} -> 0 | EW12: {=VLOOKUP(H12:H34, 'REGION I'!$B$13:$GW219, COLUMN('REGION I'!FH1)-1, FALSE)} -> 0 | EX12: {=VLOOKUP(H12:H34, 'REGION I'!$B$13:$GW219, COLUMN('REGION I'!FJ1)-1, FALSE)} -> 0 | EY12: {=VLOOKUP(H12:H34, 'REGION I'!$B$13:$GW219, COLUMN('REGION I'!FK1)-1, FALSE)} -> 0 | EZ12: {=VLOOKUP(H12:H34, 'REGION I'!$B$13:$GW219, COLUMN('REGION I'!FM1)-1, FALSE)} -> 0 | FA12: {=VLOOKUP(H12:H34, 'REGION I'!$B$13:$GW219, COLUMN('REGION I'!FN1)-1, FALSE)} -> 0 | FB12: {=VLOOKUP(H12:H34, 'REGION I'!$B$13:$GW219, COLUMN('REGION I'!FP1)-1, FALSE)} -> 0 | FC12: {=VLOOKUP(H12:H34, 'REGION I'!$B$13:$GW219, COLUMN('REGION I'!FQ1)-1, FALSE)} -> 0 | FD12: {=VLOOKUP(H12:H34, 'REGION I'!$B$13:$GW219, COLUMN('REGION I'!FS1)-1, FALSE)} -> 0 | FE12: {=VLOOKUP(H12:H34, 'REGION I'!$B$13:$GW219, COLUMN('REGION I'!FT1)-1, FALSE)} -> 0 | FF12: {=VLOOKUP(H12:H34, 'REGION I'!$B$13:$GW219, COLUMN('REGION I'!FV1)-1, FALSE)} -> 0 | FG12: {=VLOOKUP(H12:H34, 'REGION I'!$B$13:$GW219, COLUMN('REGION I'!FW1)-1, FALSE)} -> 0 | FH12: {=VLOOKUP(H12:H34, 'REGION I'!$B$13:$GW219, COLUMN('REGION I'!FX1)-1, FALSE)} -> 0 | FI12: {=VLOOKUP(H12:H34, 'REGION I'!$B$13:$GW219, COLUMN('REGION I'!FZ1)-1, FALSE)} -> 0 | FJ12: {=VLOOKUP(H12:H34, 'REGION I'!$B$13:$GW219, COLUMN('REGION I'!GA1)-1, FALSE)} -> 0 | FK12: {=VLOOKUP(H12:H34, 'REGION I'!$B$13:$GW219, COLUMN('REGION I'!GB1)-1, FALSE)} -> 0 | FL12: {=VLOOKUP(H12:H34, 'REGION I'!$B$13:$GW219, COLUMN('REGION I'!GC1)-1, FALSE)} -> 0 | FM12: {=VLOOKUP(H12:H34, 'REGION I'!$B$13:$GW219, COLUMN('REGION I'!GD1)-1, FALSE)} -> 0 | FN12: {=VLOOKUP(H12:H34, 'REGION I'!$B$13:$GW219, COLUMN('REGION I'!GE1)-1, FALSE)} -> 0 | FO12: {=VLOOKUP(H12:H34, 'REGION I'!$B$13:$GW219, COLUMN('REGION I'!GF1)-1, FALSE)} -> 0 | FP12: {=VLOOKUP(H12:H34, 'REGION I'!$B$13:$GW219, COLUMN('REGION I'!GG1)-1, FALSE)} -> 0 | FQ12: {=VLOOKUP(H12:H34, 'REGION I'!$B$13:$GW219, COLUMN('REGION I'!GH1)-1, FALSE)} -> 0 | FR12: {=VLOOKUP(H12:H34, 'REGION I'!$B$13:$GW219, COLUMN('REGION I'!GI1)-1, FALSE)} -> 0 | FS12: {=VLOOKUP(H12:H34, 'REGION I'!$B$13:$GW219, COLUMN('REGION I'!GJ1)-1, FALSE)} -> 0 | FT12: {=VLOOKUP(H12:H34, 'REGION I'!$B$13:$GW219, COLUMN('REGION I'!GK1)-1, FALSE)} -> 0 | FU12: {=VLOOKUP(H12:H34, 'REGION I'!$B$13:$GW219, COLUMN('REGION I'!GL1)-1, FALSE)} -> 0 | FV12: {=VLOOKUP(H12:H34, 'REGION I'!$B$13:$GW219, COLUMN('REGION I'!GM1)-1, FALSE)} -> 0 | FW12: {=VLOOKUP(H12:H34, 'REGION I'!$B$13:$GW219, COLUMN('REGION I'!GN1)-1, FALSE)} -> 0 | FX12: {=VLOOKUP(H12:H34, 'REGION I'!$B$13:$GW219, COLUMN('REGION I'!GO1)-1, FALSE)} -> 0 | FY12: {=VLOOKUP(H12:H34, 'REGION I'!$B$13:$GW219, COLUMN('REGION I'!GS1)-1, FALSE)} -> 0 | FZ12: {=VLOOKUP(H12:H34, 'REGION I'!$B$13:$GW219, COLUMN('REGION I'!GT1)-1, FALSE)} -> 0 | GA12: {=VLOOKUP(H12:H34, 'REGION I'!$B$13:$GW219, COLUMN('REGION I'!GU1)-1, FALSE)} -> 0 | GB12: {=VLOOKUP(H12:H34, 'REGION I'!$B$13:$GW219, COLUMN('REGION I'!GV1)-1, FALSE)} -> 0 | GC12: {=VLOOKUP(H12:H34, 'REGION I'!$B$13:$GW219, COLUMN('REGION I'!GW1)-1, FALSE)} -> 0 | GD12: =IF(AG12+AI12+AK12+A12+AM12+AO12+AQ12+AS12+AU12+AW12+AY12+BA12+BC12+BE12+BG12>0,"DATA","N/A") -> N/A | GE12: N/A | GF12: =IF(BM12+BO12+BQ12+BS12+BY12+CA12+CC12+CE12+CG12+CI12<0,"DATA","N/A") -> N/A
B13: 4 | C13: PH0100000000 | D13: PH0102800000 | E13: PH0102802000 | F13: Region I (Ilocos Region) | G13: Ilocos Norte | H13: Bacarra | I13: 32734 | J13: 0 | K13: 0 | L13: 0 | M13: 0 | N13: 0 | O13: 0 | P13: 0 | Q13: 0 | R13: 0 | S13: 0 | T13: 0 | U13: 0 | V13: 0 | W13: 0 | X13: 0 | Y13: 0 | Z13: 0 | AA13: 0 | AB13: 0 | AC13: 0 | AD13: 0 | AE13: 0 | AF13: 0 | AG13: 0 | AH13: 0 | AI13: 0 | AJ13: 0 | AK13: 0 | AL13: 0 | AM13: 0 | AN13: 0 | AO13: 0 | AP13: 0 | AQ13: 0 | AR13: 0 | AS13: 0 | AT13: 0 | AU13: 0 | AV13: 0 | AW13: 0 | AX13: 0 | AY13: 0 | AZ13: 0 | BA13: 0 | BB13: 0 | BC13: 0 | BD13: 0 | BE13: 0 | BF13: 0 | BG13: 0 | BH13: 0 | BI13: 0 | BJ13: 0 | BK13: 0 | BL13: 0 | BM13: 0 | BN13: 0 | BO13: 0 | BP13: 0 | BQ13: 0 | BR13: 0 | BS13: 0 | BT13: 0 | BU13: 0 | BV13: 0 | BW13: 0 | BX13: 0 | BY13: 0 | BZ13: 0 | CA13: 0 | CB13: 0 | CC13: 0 | CD13: 0 | CE13: 0 | CF13: 0 | CG13: 0 | CH13: 0 | CI13: 0 | CJ13: 0 | CK13: 0 | CL13: 0 | CM13: 0 | CN13: 0 | CO13: 0 | CP13: 0 | CQ13: 0 | CR13: 0 | CS13: 0 | CT13: 0 | CU13: 0 | CV13: 0 | CW13: 0 | CX13: 0 | CY13: 0 | CZ13: 0 | DA13: 0 | DB13: 0 | DC13: 0 | DD13: 0 | DE13: 0 | DF13: 0 | DG13: 0 | DH13: 0 | DI13: 0 | DJ13: 0 | DK13: 0 | DL13: 0 | DM13: 0 | DN13: 0 | DO13: 0 | DP13: 0 | DQ13: 0 | DR13: 0 | DS13: 0 | DT13: 0 | DU13: 0 | DV13: 0 | DW13: 0 | DX13: 0 | DY13: 0 | DZ13: 0 | EA13: 0 | EB13: 0 | EC13: 0 | ED13: 0 | EE13: 0 | EF13: 0 | EG13: 0 | EH13: 0 | EI13: 0 | EJ13: 0 | EK13: 0 | EL13: 0 | EM13: 0 | EN13: 0 | EO13: 0 | EP13: 0 | EQ13: 0 | ER13: 0 | ES13: 0 | ET13: 0 | EU13: 0 | EV13: 0 | EW13: 0 | EX13: 0 | EY13: 0 | EZ13: 0 | FA13: 0 | FB13: 0 | FC13: 0 | FD13: 0 | FE13: 0 | FF13: 0 | FG13: 0 | FH13: 0 | FI13: 0 | FJ13: 0 | FK13: 0 | FL13: 0 | FM13: 0 | FN13: 0 | FO13: 0 | FP13: 0 | FQ13: 0 | FR13: 0 | FS13: 0 | FT13: 0 | FU13: 0 | FV13: 0 | FW13: 0 | FX13: 0 | FY13: 0 | FZ13: 0 | GA13: 0 | GB13: 0 | GC13: 0 | GD13: =IF(AG13+AI13+AK13+A13+AM13+AO13+AQ13+AS13+AU13+AW13+AY13+BA13+BC13+BE13+BG13>0,"DATA","N/A") -> N/A | GE13: N/A | GF13: =IF(BM13+BO13+BQ13+BS13+BY13+CA13+CC13+CE13+CG13+CI13<0,"DATA","N/A") -> N/A
B14: 4 | C14: PH0100000000 | D14: PH0102800000 | E14: PH0102803000 | F14: Region I (Ilocos Region) | G14: Ilocos Norte | H14: Badoc | I14: 32832 | J14: 0 | K14: 0 | L14: 0 | M14: 0 | N14: 0 | O14: 0 | P14: 0 | Q14: 0 | R14: 0 | S14: 0 | T14: 0 | U14: 0 | V14: 0 | W14: 0 | X14: 0 | Y14: 0 | Z14: 0 | AA14: 0 | AB14: 0 | AC14: 0 | AD14: 0 | AE14: 0 | AF14: 0 | AG14: 0 | AH14: 0 | AI14: 0 | AJ14: 0 | AK14: 0 | AL14: 0 | AM14: 0 | AN14: 0 | AO14: 0 | AP14: 0 | AQ14: 0 | AR14: 0 | AS14: 0 | AT14: 0 | AU14: 0 | AV14: 0 | AW14: 0 | AX14: 0 | AY14: 0 | AZ14: 0 | BA14: 0 | BB14: 0 | BC14: 0 | BD14: 0 | BE14: 0 | BF14: 0 | BG14: 0 | BH14: 0 | BI14: 0 | BJ14: 0 | BK14: 0 | BL14: 0 | BM14: 0 | BN14: 0 | BO14: 0 | BP14: 0 | BQ14: 0 | BR14: 0 | BS14: 0 | BT14: 0 | BU14: 0 | BV14: 0 | BW14: 0 | BX14: 0 | BY14: 0 | BZ14: 0 | CA14: 0 | CB14: 0 | CC14: 0 | CD14: 0 | CE14: 0 | CF14: 0 | CG14: 0 | CH14: 0 | CI14: 0 | CJ14: 0 | CK14: 0 | CL14: 0 | CM14: 0 | CN14: 0 | CO14: 0 | CP14: 0 | CQ14: 0 | CR14: 0 | CS14: 0 | CT14: 0 | CU14: 0 | CV14: 0 | CW14: 0 | CX14: 0 | CY14: 0 | CZ14: 0 | DA14: 0 | DB14: 0 | DC14: 0 | DD14: 0 | DE14: 0 | DF14: 0 | DG14: 0 | DH14: 0 | DI14: 0 | DJ14: 0 | DK14: 0 | DL14: 0 | DM14: 0 | DN14: 0 | DO14: 0 | DP14: 0 | DQ14: 0 | DR14: 0 | DS14: 0 | DT14: 0 | DU14: 0 | DV14: 0 | DW14: 0 | DX14: 0 | DY14: 0 | DZ14: 0 | EA14: 0 | EB14: 0 | EC14: 0 | ED14: 0 | EE14: 0 | EF14: 0 | EG14: 0 | EH14: 0 | EI14: 0 | EJ14: 0 | EK14: 0 | EL14: 0 | EM14: 0 | EN14: 0 | EO14: 0 | EP14: 0 | EQ14: 0 | ER14: 0 | ES14: 0 | ET14: 0 | EU14: 0 | EV14: 0 | EW14: 0 | EX14: 0 | EY14: 0 | EZ14: 0 | FA14: 0 | FB14: 0 | FC14: 0 | FD14: 0 | FE14: 0 | FF14: 0 | FG14: 0 | FH14: 0 | FI14: 0 | FJ14: 0 | FK14: 0 | FL14: 0 | FM14: 0 | FN14: 0 | FO14: 0 | FP14: 0 | FQ14: 0 | FR14: 0 | FS14: 0 | FT14: 0 | FU14: 0 | FV14: 0 | FW14: 0 | FX14: 0 | FY14: 0 | FZ14: 0 | GA14: 0 | GB14: 0 | GC14: 0 | GD14: =IF(AG14+AI14+AK14+A14+AM14+AO14+AQ14+AS14+AU14+AW14+AY14+BA14+BC14+BE14+BG14>0,"DATA","N/A") -> N/A | GE14: N/A | GF14: =IF(BM14+BO14+BQ14+BS14+BY14+CA14+CC14+CE14+CG14+CI14<0,"DATA","N/A") -> N/A
B15: 4 | C15: PH0100000000 | D15: PH0102800000 | E15: PH0102804000 | F15: Region I (Ilocos Region) | G15: Ilocos Norte | H15: Bangui | I15: 15227 | J15: 0 | K15: 0 | L15: 0 | M15: 0 | N15: 0 | O15: 0 | P15: 0 | Q15: 0 | R15: 0 | S15: 0 | T15: 0 | U15: 0 | V15: 0 | W15: 0 | X15: 0 | Y15: 0 | Z15: 0 | AA15: 0 | AB15: 0 | AC15: 0 | AD15: 0 | AE15: 0 | AF15: 0 | AG15: 0 | AH15: 0 | AI15: 0 | AJ15: 0 | AK15: 0 | AL15: 0 | AM15: 0 | AN15: 0 | AO15: 0 | AP15: 0 | AQ15: 0 | AR15: 0 | AS15: 0 | AT15: 0 | AU15: 0 | AV15: 0 | AW15: 0 | AX15: 0 | AY15: 0 | AZ15: 0 | BA15: 0 | BB15: 0 | BC15: 0 | BD15: 0 | BE15: 0 | BF15: 0 | BG15: 0 | BH15: 0 | BI15: 0 | BJ15: 0 | BK15: 0 | BL15: 0 | BM15: 0 | BN15: 0 | BO15: 0 | BP15: 0 | BQ15: 0 | BR15: 0 | BS15: 0 | BT15: 0 | BU15: 0 | BV15: 0 | BW15: 0 | BX15: 0 | BY15: 0 | BZ15: 0 | CA15: 0 | CB15: 0 | CC15: 0 | CD15: 0 | CE15: 0 | CF15: 0 | CG15: 0 | CH15: 0 | CI15: 0 | CJ15: 0 | CK15: 0 | CL15: 0 | CM15: 0 | CN15: 0 | CO15: 0 | CP15: 0 | CQ15: 0 | CR15: 0 | CS15: 0 | CT15: 0 | CU15: 0 | CV15: 0 | CW15: 0 | CX15: 0 | CY15: 0 | CZ15: 0 | DA15: 0 | DB15: 0 | DC15: 0 | DD15: 0 | DE15: 0 | DF15: 0 | DG15: 0 | DH15: 0 | DI15: 0 | DJ15: 0 | DK15: 0 | DL15: 0 | DM15: 0 | DN15: 0 | DO15: 0 | DP15: 0 | DQ15: 0 | DR15: 0 | DS15: 0 | DT15: 0 | DU15: 0 | DV15: 0 | DW15: 0 | DX15: 0 | DY15: 0 | DZ15: 0 | EA15: 0 | EB15: 0 | EC15: 0 | ED15: 0 | EE15: 0 | EF15: 0 | EG15: 0 | EH15: 0 | EI15: 0 | EJ15: 0 | EK15: 0 | EL15: 0 | EM15: 0 | EN15: 0 | EO15: 0 | EP15: 0 | EQ15: 0 | ER15: 0 | ES15: 0 | ET15: 0 | EU15: 0 | EV15: 0 | EW15: 0 | EX15: 0 | EY15: 0 | EZ15: 0 | FA15: 0 | FB15: 0 | FC15: 0 | FD15: 0 | FE15: 0 | FF15: 0 | FG15: 0 | FH15: 0 | FI15: 0 | FJ15: 0 | FK15: 0 | FL15: 0 | FM15: 0 | FN15: 0 | FO15: 0 | FP15: 0 | FQ15: 0 | FR15: 0 | FS15: 0 | FT15: 0 | FU15: 0 | FV15: 0 | FW15: 0 | FX15: 0 | FY15: 0 | FZ15: 0 | GA15: 0 | GB15: 0 | GC15: 0 | GD15: =IF(AG15+AI15+AK15+A15+AM15+AO15+AQ15+AS15+AU15+AW15+AY15+BA15+BC15+BE15+BG15>0,"DATA","N/A") -> N/A | GE15: N/A | GF15: =IF(BM15+BO15+BQ15+BS15+BY15+CA15+CC15+CE15+CG15+CI15<0,"DATA","N/A") -> N/A
B16: 4 | C16: PH0100000000 | D16: PH0102800000 | E16: PH0102805000 | F16: Region I (Ilocos Region) | G16: Ilocos Norte | H16: City of Batac | I16: 56781 | J16: 0 | K16: 0 | L16: 0 | M16: 0 | N16: 0 | O16: 0 | P16: 0 | Q16: 0 | R16: 0 | S16: 0 | T16: 0 | U16: 0 | V16: 0 | W16: 0 | X16: 0 | Y16: 0 | Z16: 0 | AA16: 0 | AB16: 0 | AC16: 0 | AD16: 0 | AE16: 0 | AF16: 0 | AG16: 0 | AH16: 0 | AI16: 0 | AJ16: 0 | AK16: 0 | AL16: 0 | AM16: 0 | AN16: 0 | AO16: 0 | AP16: 0 | AQ16: 0 | AR16: 0 | AS16: 0 | AT16: 0 | AU16: 0 | AV16: 0 | AW16: 0 | AX16: 0 | AY16: 0 | AZ16: 0 | BA16: 0 | BB16: 0 | BC16: 0 | BD16: 0 | BE16: 0 | BF16: 0 | BG16: 0 | BH16: 0 | BI16: 0 | BJ16: 0 | BK16: 0 | BL16: 0 | BM16: 0 | BN16: 0 | BO16: 0 | BP16: 0 | BQ16: 0 | BR16: 0 | BS16: 0 | BT16: 0 | BU16: 0 | BV16: 0 | BW16: 0 | BX16: 0 | BY16: 0 | BZ16: 0 | CA16: 0 | CB16: 0 | CC16: 0 | CD16: 0 | CE16: 0 | CF16: 0 | CG16: 0 | CH16: 0 | CI16: 0 | CJ16: 0 | CK16: 0 | CL16: 0 | CM16: 0 | CN16: 0 | CO16: 0 | CP16: 0 | CQ16: 0 | CR16: 0 | CS16: 0 | CT16: 0 | CU16: 0 | CV16: 0 | CW16: 0 | CX16: 0 | CY16: 0 | CZ16: 0 | DA16: 0 | DB16: 0 | DC16: 0 | DD16: 0 | DE16: 0 | DF16: 0 | DG16: 0 | DH16: 0 | DI16: 0 | DJ16: 0 | DK16: 0 | DL16: 0 | DM16: 0 | DN16: 0 | DO16: 0 | DP16: 0 | DQ16: 0 | DR16: 0 | DS16: 0 | DT16: 0 | DU16: 0 | DV16: 0 | DW16: 0 | DX16: 0 | DY16: 0 | DZ16: 0 | EA16: 0 | EB16: 0 | EC16: 0 | ED16: 0 | EE16: 0 | EF16: 0 | EG16: 0 | EH16: 0 | EI16: 0 | EJ16: 0 | EK16: 0 | EL16: 0 | EM16: 0 | EN16: 0 | EO16: 0 | EP16: 0 | EQ16: 0 | ER16: 0 | ES16: 0 | ET16: 0 | EU16: 0 | EV16: 0 | EW16: 0 | EX16: 0 | EY16: 0 | EZ16: 0 | FA16: 0 | FB16: 0 | FC16: 0 | FD16: 0 | FE16: 0 | FF16: 0 | FG16: 0 | FH16: 0 | FI16: 0 | FJ16: 0 | FK16: 0 | FL16: 0 | FM16: 0 | FN16: 0 | FO16: 0 | FP16: 0 | FQ16: 0 | FR16: 0 | FS16: 0 | FT16: 0 | FU16: 0 | FV16: 0 | FW16: 0 | FX16: 0 | FY16: 0 | FZ16: 0 | GA16: 0 | GB16: 0 | GC16: 0 | GD16: =IF(AG16+AI16+AK16+A16+AM16+AO16+AQ16+AS16+AU16+AW16+AY16+BA16+BC16+BE16+BG16>0,"DATA","N/A") -> N/A | GE16: N/A | GF16: =IF(BM16+BO16+BQ16+BS16+BY16+CA16+CC16+CE16+CG16+CI16<0,"DATA","N/A") -> N/A
B17: 4 | C17: PH0100000000 | D17: PH0102800000 | E17: PH0102806000 | F17: Region I (Ilocos Region) | G17: Ilocos Norte | H17: Burgos | I17: 10962 | J17: 0 | K17: 0 | L17: 0 | M17: 0 | N17: 0 | O17: 0 | P17: 0 | Q17: 0 | R17: 0 | S17: 0 | T17: 0 | U17: 0 | V17: 0 | W17: 0 | X17: 0 | Y17: 0 | Z17: 0 | AA17: 0 | AB17: 0 | AC17: 0 | AD17: 0 | AE17: 0 | AF17: 0 | AG17: 0 | AH17: 0 | AI17: 0 | AJ17: 0 | AK17: 0 | AL17: 0 | AM17: 0 | AN17: 0 | AO17: 0 | AP17: 0 | AQ17: 0 | AR17: 0 | AS17: 0 | AT17: 0 | AU17: 0 | AV17: 0 | AW17: 0 | AX17: 0 | AY17: 0 | AZ17: 0 | BA17: 0 | BB17: 0 | BC17: 0 | BD17: 0 | BE17: 0 | BF17: 0 | BG17: 0 | BH17: 0 | BI17: 0 | BJ17: 0 | BK17: 0 | BL17: 0 | BM17: 0 | BN17: 0 | BO17: 0 | BP17: 0 | BQ17: 0 | BR17: 0 | BS17: 0 | BT17: 0 | BU17: 0 | BV17: 0 | BW17: 0 | BX17: 0 | BY17: 0 | BZ17: 0 | CA17: 0 | CB17: 0 | CC17: 0 | CD17: 0 | CE17: 0 | CF17: 0 | CG17: 0 | CH17: 0 | CI17: 0 | CJ17: 0 | CK17: 0 | CL17: 0 | CM17: 0 | CN17: 0 | CO17: 0 | CP17: 0 | CQ17: 0 | CR17: 0 | CS17: 0 | CT17: 0 | CU17: 0 | CV17: 0 | CW17: 0 | CX17: 0 | CY17: 0 | CZ17: 0 | DA17: 0 | DB17: 0 | DC17: 0 | DD17: 0 | DE17: 0 | DF17: 0 | DG17: 0 | DH17: 0 | DI17: 0 | DJ17: 0 | DK17: 0 | DL17: 0 | DM17: 0 | DN17: 0 | DO17: 0 | DP17: 0 | DQ17: 0 | DR17: 0 | DS17: 0 | DT17: 0 | DU17: 0 | DV17: 0 | DW17: 0 | DX17: 0 | DY17: 0 | DZ17: 0 | EA17: 0 | EB17: 0 | EC17: 0 | ED17: 0 | EE17: 0 | EF17: 0 | EG17: 0 | EH17: 0 | EI17: 0 | EJ17: 0 | EK17: 0 | EL17: 0 | EM17: 0 | EN17: 0 | EO17: 0 | EP17: 0 | EQ17: 0 | ER17: 0 | ES17: 0 | ET17: 0 | EU17: 0 | EV17: 0 | EW17: 0 | EX17: 0 | EY17: 0 | EZ17: 0 | FA17: 0 | FB17: 0 | FC17: 0 | FD17: 0 | FE17: 0 | FF17: 0 | FG17: 0 | FH17: 0 | FI17: 0 | FJ17: 0 | FK17: 0 | FL17: 0 | FM17: 0 | FN17: 0 | FO17: 0 | FP17: 0 | FQ17: 0 | FR17: 0 | FS17: 0 | FT17: 0 | FU17: 0 | FV17: 0 | FW17: 0 | FX17: 0 | FY17: 0 | FZ17: 0 | GA17: 0 | GB17: 0 | GC17: 0 | GD17: =IF(AG17+AI17+AK17+A17+AM17+AO17+AQ17+AS17+AU17+AW17+AY17+BA17+BC17+BE17+BG17>0,"DATA","N/A") -> N/A | GE17: N/A | GF17: =IF(BM17+BO17+BQ17+BS17+BY17+CA17+CC17+CE17+CG17+CI17<0,"DATA","N/A") -> N/A
B18: 4 | C18: PH0100000000 | D18: PH0102800000 | E18: PH0102807000 | F18: Region I (Ilocos Region) | G18: Ilocos Norte | H18: Carasi | I18: 1775 | J18: 0 | K18: 0 | L18: 0 | M18: 0 | N18: 0 | O18: 0 | P18: 0 | Q18: 0 | R18: 0 | S18: 0 | T18: 0 | U18: 0 | V18: 0 | W18: 0 | X18: 0 | Y18: 0 | Z18: 0 | AA18: 0 | AB18: 0 | AC18: 0 | AD18: 0 | AE18: 0 | AF18: 0 | AG18: 0 | AH18: 0 | AI18: 0 | AJ18: 0 | AK18: 0 | AL18: 0 | AM18: 0 | AN18: 0 | AO18: 0 | AP18: 0 | AQ18: 0 | AR18: 0 | AS18: 0 | AT18: 0 | AU18: 0 | AV18: 0 | AW18: 0 | AX18: 0 | AY18: 0 | AZ18: 0 | BA18: 0 | BB18: 0 | BC18: 0 | BD18: 0 | BE18: 0 | BF18: 0 | BG18: 0 | BH18: 0 | BI18: 0 | BJ18: 0 | BK18: 0 | BL18: 0 | BM18: 0 | BN18: 0 | BO18: 0 | BP18: 0 | BQ18: 0 | BR18: 0 | BS18: 0 | BT18: 0 | BU18: 0 | BV18: 0 | BW18: 0 | BX18: 0 | BY18: 0 | BZ18: 0 | CA18: 0 | CB18: 0 | CC18: 0 | CD18: 0 | CE18: 0 | CF18: 0 | CG18: 0 | CH18: 0 | CI18: 0 | CJ18: 0 | CK18: 0 | CL18: 0 | CM18: 0 | CN18: 0 | CO18: 0 | CP18: 0 | CQ18: 0 | CR18: 0 | CS18: 0 | CT18: 0 | CU18: 0 | CV18: 0 | CW18: 0 | CX18: 0 | CY18: 0 | CZ18: 0 | DA18: 0 | DB18: 0 | DC18: 0 | DD18: 0 | DE18: 0 | DF18: 0 | DG18: 0 | DH18: 0 | DI18: 0 | DJ18: 0 | DK18: 0 | DL18: 0 | DM18: 0 | DN18: 0 | DO18: 0 | DP18: 0 | DQ18: 0 | DR18: 0 | DS18: 0 | DT18: 0 | DU18: 0 | DV18: 0 | DW18: 0 | DX18: 0 | DY18: 0 | DZ18: 0 | EA18: 0 | EB18: 0 | EC18: 0 | ED18: 0 | EE18: 0 | EF18: 0 | EG18: 0 | EH18: 0 | EI18: 0 | EJ18: 0 | EK18: 0 | EL18: 0 | EM18: 0 | EN18: 0 | EO18: 0 | EP18: 0 | EQ18: 0 | ER18: 0 | ES18: 0 | ET18: 0 | EU18: 0 | EV18: 0 | EW18: 0 | EX18: 0 | EY18: 0 | EZ18: 0 | FA18: 0 | FB18: 0 | FC18: 0 | FD18: 0 | FE18: 0 | FF18: 0 | FG18: 0 | FH18: 0 | FI18: 0 | FJ18: 0 | FK18: 0 | FL18: 0 | FM18: 0 | FN18: 0 | FO18: 0 | FP18: 0 | FQ18: 0 | FR18: 0 | FS18: 0 | FT18: 0 | FU18: 0 | FV18: 0 | FW18: 0 | FX18: 0 | FY18: 0 | FZ18: 0 | GA18: 0 | GB18: 0 | GC18: 0 | GD18: =IF(AG18+AI18+AK18+A18+AM18+AO18+AQ18+AS18+AU18+AW18+AY18+BA18+BC18+BE18+BG18>0,"DATA","N/A") -> N/A | GE18: N/A | GF18: =IF(BM18+BO18+BQ18+BS18+BY18+CA18+CC18+CE18+CG18+CI18<0,"DATA","N/A") -> N/A
B19: 4 | C19: PH0100000000 | D19: PH0102800000 | E19: PH0102808000 | F19: Region I (Ilocos Region) | G19: Ilocos Norte | H19: Currimao | I19: 12256 | J19: 0 | K19: 0 | L19: 0 | M19: 0 | N19: 0 | O19: 0 | P19: 0 | Q19: 0 | R19: 0 | S19: 0 | T19: 0 | U19: 0 | V19: 0 | W19: 0 | X19: 0 | Y19: 0 | Z19: 0 | AA19: 0 | AB19: 0 | AC19: 0 | AD19: 0 | AE19: 0 | AF19: 0 | AG19: 0 | AH19: 0 | AI19: 0 | AJ19: 0 | AK19: 0 | AL19: 0 | AM19: 0 | AN19: 0 | AO19: 0 | AP19: 0 | AQ19: 0 | AR19: 0 | AS19: 0 | AT19: 0 | AU19: 0 | AV19: 0 | AW19: 0 | AX19: 0 | AY19: 0 | AZ19: 0 | BA19: 0 | BB19: 0 | BC19: 0 | BD19: 0 | BE19: 0 | BF19: 0 | BG19: 0 | BH19: 0 | BI19: 0 | BJ19: 0 | BK19: 0 | BL19: 0 | BM19: 0 | BN19: 0 | BO19: 0 | BP19: 0 | BQ19: 0 | BR19: 0 | BS19: 0 | BT19: 0 | BU19: 0 | BV19: 0 | BW19: 0 | BX19: 0 | BY19: 0 | BZ19: 0 | CA19: 0 | CB19: 0 | CC19: 0 | CD19: 0 | CE19: 0 | CF19: 0 | CG19: 0 | CH19: 0 | CI19: 0 | CJ19: 0 | CK19: 0 | CL19: 0 | CM19: 0 | CN19: 0 | CO19: 0 | CP19: 0 | CQ19: 0 | CR19: 0 | CS19: 0 | CT19: 0 | CU19: 0 | CV19: 0 | CW19: 0 | CX19: 0 | CY19: 0 | CZ19: 0 | DA19: 0 | DB19: 0 | DC19: 0 | DD19: 0 | DE19: 0 | DF19: 0 | DG19: 0 | DH19: 0 | DI19: 0 | DJ19: 0 | DK19: 0 | DL19: 0 | DM19: 0 | DN19: 0 | DO19: 0 | DP19: 0 | DQ19: 0 | DR19: 0 | DS19: 0 | DT19: 0 | DU19: 0 | DV19: 0 | DW19: 0 | DX19: 0 | DY19: 0 | DZ19: 0 | EA19: 0 | EB19: 0 | EC19: 0 | ED19: 0 | EE19: 0 | EF19: 0 | EG19: 0 | EH19: 0 | EI19: 0 | EJ19: 0 | EK19: 0 | EL19: 0 | EM19: 0 | EN19: 0 | EO19: 0 | EP19: 0 | EQ19: 0 | ER19: 0 | ES19: 0 | ET19: 0 | EU19: 0 | EV19: 0 | EW19: 0 | EX19: 0 | EY19: 0 | EZ19: 0 | FA19: 0 | FB19: 0 | FC19: 0 | FD19: 0 | FE19: 0 | FF19: 0 | FG19: 0 | FH19: 0 | FI19: 0 | FJ19: 0 | FK19: 0 | FL19: 0 | FM19: 0 | FN19: 0 | FO19: 0 | FP19: 0 | FQ19: 0 | FR19: 0 | FS19: 0 | FT19: 0 | FU19: 0 | FV19: 0 | FW19: 0 | FX19: 0 | FY19: 0 | FZ19: 0 | GA19: 0 | GB19: 0 | GC19: 0 | GD19: =IF(AG19+AI19+AK19+A19+AM19+AO19+AQ19+AS19+AU19+AW19+AY19+BA19+BC19+BE19+BG19>0,"DATA","N/A") -> N/A | GE19: N/A | GF19: =IF(BM19+BO19+BQ19+BS19+BY19+CA19+CC19+CE19+CG19+CI19<0,"DATA","N/A") -> N/A
B20: 4 | C20: PH0100000000 | D20: PH0102800000 | E20: PH0102809000 | F20: Region I (Ilocos Region) | G20: Ilocos Norte | H20: Dingras | I20: 40176 | J20: 0 | K20: 0 | L20: 0 | M20: 0 | N20: 0 | O20: 0 | P20: 0 | Q20: 0 | R20: 0 | S20: 0 | T20: 0 | U20: 0 | V20: 0 | W20: 0 | X20: 0 | Y20: 0 | Z20: 0 | AA20: 0 | AB20: 0 | AC20: 0 | AD20: 0 | AE20: 0 | AF20: 0 | AG20: 0 | AH20: 0 | AI20: 0 | AJ20: 0 | AK20: 0 | AL20: 0 | AM20: 0 | AN20: 0 | AO20: 0 | AP20: 0 | AQ20: 0 | AR20: 0 | AS20: 0 | AT20: 0 | AU20: 0 | AV20: 0 | AW20: 0 | AX20: 0 | AY20: 0 | AZ20: 0 | BA20: 0 | BB20: 0 | BC20: 0 | BD20: 0 | BE20: 0 | BF20: 0 | BG20: 0 | BH20: 0 | BI20: 0 | BJ20: 0 | BK20: 0 | BL20: 0 | BM20: 0 | BN20: 0 | BO20: 0 | BP20: 0 | BQ20: 0 | BR20: 0 | BS20: 0 | BT20: 0 | BU20: 0 | BV20: 0 | BW20: 0 | BX20: 0 | BY20: 0 | BZ20: 0 | CA20: 0 | CB20: 0 | CC20: 0 | CD20: 0 | CE20: 0 | CF20: 0 | CG20: 0 | CH20: 0 | CI20: 0 | CJ20: 0 | CK20: 0 | CL20: 0 | CM20: 0 | CN20: 0 | CO20: 0 | CP20: 0 | CQ20: 0 | CR20: 0 | CS20: 0 | CT20: 0 | CU20: 0 | CV20: 0 | CW20: 0 | CX20: 0 | CY20: 0 | CZ20: 0 | DA20: 0 | DB20: 0 | DC20: 0 | DD20: 0 | DE20: 0 | DF20: 0 | DG20: 0 | DH20: 0 | DI20: 0 | DJ20: 0 | DK20: 0 | DL20: 0 | DM20: 0 | DN20: 0 | DO20: 0 | DP20: 0 | DQ20: 0 | DR20: 0 | DS20: 0 | DT20: 0 | DU20: 0 | DV20: 0 | DW20: 0 | DX20: 0 | DY20: 0 | DZ20: 0 | EA20: 0 | EB20: 0 | EC20: 0 | ED20: 0 | EE20: 0 | EF20: 0 | EG20: 0 | EH20: 0 | EI20: 0 | EJ20: 0 | EK20: 0 | EL20: 0 | EM20: 0 | EN20: 0 | EO20: 0 | EP20: 0 | EQ20: 0 | ER20: 0 | ES20: 0 | ET20: 0 | EU20: 0 | EV20: 0 | EW20: 0 | EX20: 0 | EY20: 0 | EZ20: 0 | FA20: 0 | FB20: 0 | FC20: 0 | FD20: 0 | FE20: 0 | FF20: 0 | FG20: 0 | FH20: 0 | FI20: 0 | FJ20: 0 | FK20: 0 | FL20: 0 | FM20: 0 | FN20: 0 | FO20: 0 | FP20: 0 | FQ20: 0 | FR20: 0 | FS20: 0 | FT20: 0 | FU20: 0 | FV20: 0 | FW20: 0 | FX20: 0 | FY20: 0 | FZ20: 0 | GA20: 0 | GB20: 0 | GC20: 0 | GD20: =IF(AG20+AI20+AK20+A20+AM20+AO20+AQ20+AS20+AU20+AW20+AY20+BA20+BC20+BE20+BG20>0,"DATA","N/A") -> N/A | GE20: N/A | GF20: =IF(BM20+BO20+BQ20+BS20+BY20+CA20+CC20+CE20+CG20+CI20<0,"DATA","N/A") -> N/A
B21: 4 | C21: PH0100000000 | D21: PH0102800000 | E21: PH0102810000 | F21: Region I (Ilocos Region) | G21: Ilocos Norte | H21: Dumalneg | I21: 3452 | J21: 0 | K21: 0 | L21: 0 | M21: 0 | N21: 0 | O21: 0 | P21: 0 | Q21: 0 | R21: 0 | S21: 0 | T21: 0 | U21: 0 | V21: 0 | W21: 0 | X21: 0 | Y21: 0 | Z21: 0 | AA21: 0 | AB21: 0 | AC21: 0 | AD21: 0 | AE21: 0 | AF21: 0 | AG21: 0 | AH21: 0 | AI21: 0 | AJ21: 0 | AK21: 0 | AL21: 0 | AM21: 0 | AN21: 0 | AO21: 0 | AP21: 0 | AQ21: 0 | AR21: 0 | AS21: 0 | AT21: 0 | AU21: 0 | AV21: 0 | AW21: 0 | AX21: 0 | AY21: 0 | AZ21: 0 | BA21: 0 | BB21: 0 | BC21: 0 | BD21: 0 | BE21: 0 | BF21: 0 | BG21: 0 | BH21: 0 | BI21: 0 | BJ21: 0 | BK21: 0 | BL21: 0 | BM21: 0 | BN21: 0 | BO21: 0 | BP21: 0 | BQ21: 0 | BR21: 0 | BS21: 0 | BT21: 0 | BU21: 0 | BV21: 0 | BW21: 0 | BX21: 0 | BY21: 0 | BZ21: 0 | CA21: 0 | CB21: 0 | CC21: 0 | CD21: 0 | CE21: 0 | CF21: 0 | CG21: 0 | CH21: 0 | CI21: 0 | CJ21: 0 | CK21: 0 | CL21: 0 | CM21: 0 | CN21: 0 | CO21: 0 | CP21: 0 | CQ21: 0 | CR21: 0 | CS21: 0 | CT21: 0 | CU21: 0 | CV21: 0 | CW21: 0 | CX21: 0 | CY21: 0 | CZ21: 0 | DA21: 0 | DB21: 0 | DC21: 0 | DD21: 0 | DE21: 0 | DF21: 0 | DG21: 0 | DH21: 0 | DI21: 0 | DJ21: 0 | DK21: 0 | DL21: 0 | DM21: 0 | DN21: 0 | DO21: 0 | DP21: 0 | DQ21: 0 | DR21: 0 | DS21: 0 | DT21: 0 | DU21: 0 | DV21: 0 | DW21: 0 | DX21: 0 | DY21: 0 | DZ21: 0 | EA21: 0 | EB21: 0 | EC21: 0 | ED21: 0 | EE21: 0 | EF21: 0 | EG21: 0 | EH21: 0 | EI21: 0 | EJ21: 0 | EK21: 0 | EL21: 0 | EM21: 0 | EN21: 0 | EO21: 0 | EP21: 0 | EQ21: 0 | ER21: 0 | ES21: 0 | ET21: 0 | EU21: 0 | EV21: 0 | EW21: 0 | EX21: 0 | EY21: 0 | EZ21: 0 | FA21: 0 | FB21: 0 | FC21: 0 | FD21: 0 | FE21: 0 | FF21: 0 | FG21: 0 | FH21: 0 | FI21: 0 | FJ21: 0 | FK21: 0 | FL21: 0 | FM21: 0 | FN21: 0 | FO21: 0 | FP21: 0 | FQ21: 0 | FR21: 0 | FS21: 0 | FT21: 0 | FU21: 0 | FV21: 0 | FW21: 0 | FX21: 0 | FY21: 0 | FZ21: 0 | GA21: 0 | GB21: 0 | GC21: 0 | GD21: =IF(AG21+AI21+AK21+A21+AM21+AO21+AQ21+AS21+AU21+AW21+AY21+BA21+BC21+BE21+BG21>0,"DATA","N/A") -> N/A | GE21: N/A | GF21: =IF(BM21+BO21+BQ21+BS21+BY21+CA21+CC21+CE21+CG21+CI21<0,"DATA","N/A") -> N/A
B22: 4 | C22: PH0100000000 | D22: PH0102800000 | E22: PH0102811000 | F22: Region I (Ilocos Region) | G22: Ilocos Norte | H22: Banna | I22: 19363 | J22: 0 | K22: 0 | L22: 0 | M22: 0 | N22: 0 | O22: 0 | P22: 0 | Q22: 0 | R22: 0 | S22: 0 | T22: 0 | U22: 0 | V22: 0 | W22: 0 | X22: 0 | Y22: 0 | Z22: 0 | AA22: 0 | AB22: 0 | AC22: 0 | AD22: 0 | AE22: 0 | AF22: 0 | AG22: 0 | AH22: 0 | AI22: 0 | AJ22: 0 | AK22: 0 | AL22: 0 | AM22: 0 | AN22: 0 | AO22: 0 | AP22: 0 | AQ22: 0 | AR22: 0 | AS22: 0 | AT22: 0 | AU22: 0 | AV22: 0 | AW22: 0 | AX22: 0 | AY22: 0 | AZ22: 0 | BA22: 0 | BB22: 0 | BC22: 0 | BD22: 0 | BE22: 0 | BF22: 0 | BG22: 0 | BH22: 0 | BI22: 0 | BJ22: 0 | BK22: 0 | BL22: 0 | BM22: 0 | BN22: 0 | BO22: 0 | BP22: 0 | BQ22: 0 | BR22: 0 | BS22: 0 | BT22: 0 | BU22: 0 | BV22: 0 | BW22: 0 | BX22: 0 | BY22: 0 | BZ22: 0 | CA22: 0 | CB22: 0 | CC22: 0 | CD22: 0 | CE22: 0 | CF22: 0 | CG22: 0 | CH22: 0 | CI22: 0 | CJ22: 0 | CK22: 0 | CL22: 0 | CM22: 0 | CN22: 0 | CO22: 0 | CP22: 0 | CQ22: 0 | CR22: 0 | CS22: 0 | CT22: 0 | CU22: 0 | CV22: 0 | CW22: 0 | CX22: 0 | CY22: 0 | CZ22: 0 | DA22: 0 | DB22: 0 | DC22: 0 | DD22: 0 | DE22: 0 | DF22: 0 | DG22: 0 | DH22: 0 | DI22: 0 | DJ22: 0 | DK22: 0 | DL22: 0 | DM22: 0 | DN22: 0 | DO22: 0 | DP22: 0 | DQ22: 0 | DR22: 0 | DS22: 0 | DT22: 0 | DU22: 0 | DV22: 0 | DW22: 0 | DX22: 0 | DY22: 0 | DZ22: 0 | EA22: 0 | EB22: 0 | EC22: 0 | ED22: 0 | EE22: 0 | EF22: 0 | EG22: 0 | EH22: 0 | EI22: 0 | EJ22: 0 | EK22: 0 | EL22: 0 | EM22: 0 | EN22: 0 | EO22: 0 | EP22: 0 | EQ22: 0 | ER22: 0 | ES22: 0 | ET22: 0 | EU22: 0 | EV22: 0 | EW22: 0 | EX22: 0 | EY22: 0 | EZ22: 0 | FA22: 0 | FB22: 0 | FC22: 0 | FD22: 0 | FE22: 0 | FF22: 0 | FG22: 0 | FH22: 0 | FI22: 0 | FJ22: 0 | FK22: 0 | FL22: 0 | FM22: 0 | FN22: 0 | FO22: 0 | FP22: 0 | FQ22: 0 | FR22: 0 | FS22: 0 | FT22: 0 | FU22: 0 | FV22: 0 | FW22: 0 | FX22: 0 | FY22: 0 | FZ22: 0 | GA22: 0 | GB22: 0 | GC22: 0 | GD22: =IF(AG22+AI22+AK22+A22+AM22+AO22+AQ22+AS22+AU22+AW22+AY22+BA22+BC22+BE22+BG22>0,"DATA","N/A") -> N/A | GE22: N/A | GF22: =IF(BM22+BO22+BQ22+BS22+BY22+CA22+CC22+CE22+CG22+CI22<0,"DATA","N/A") -> N/A
B23: 4 | C23: PH0100000000 | D23: PH0102800000 | E23: PH0102812000 | F23: Region I (Ilocos Region) | G23: Ilocos Norte | H23: City of Laoag | I23: 112117 | J23: 0 | K23: 0 | L23: 0 | M23: 0 | N23: 0 | O23: 0 | P23: 0 | Q23: 0 | R23: 0 | S23: 0 | T23: 0 | U23: 0 | V23: 0 | W23: 0 | X23: 0 | Y23: 0 | Z23: 0 | AA23: 0 | AB23: 0 | AC23: 0 | AD23: 0 | AE23: 0 | AF23: 0 | AG23: 0 | AH23: 0 | AI23: 0 | AJ23: 0 | AK23: 0 | AL23: 0 | AM23: 0 | AN23: 0 | AO23: 0 | AP23: 0 | AQ23: 0 | AR23: 0 | AS23: 0 | AT23: 0 | AU23: 0 | AV23: 0 | AW23: 0 | AX23: 0 | AY23: 0 | AZ23: 0 | BA23: 0 | BB23: 0 | BC23: 0 | BD23: 0 | BE23: 0 | BF23: 0 | BG23: 0 | BH23: 0 | BI23: 0 | BJ23: 0 | BK23: 0 | BL23: 0 | BM23: 0 | BN23: 0 | BO23: 0 | BP23: 0 | BQ23: 0 | BR23: 0 | BS23: 0 | BT23: 0 | BU23: 0 | BV23: 0 | BW23: 0 | BX23: 0 | BY23: 0 | BZ23: 0 | CA23: 0 | CB23: 0 | CC23: 0 | CD23: 0 | CE23: 0 | CF23: 0 | CG23: 0 | CH23: 0 | CI23: 0 | CJ23: 0 | CK23: 0 | CL23: 0 | CM23: 0 | CN23: 0 | CO23: 0 | CP23: 0 | CQ23: 0 | CR23: 0 | CS23: 0 | CT23: 0 | CU23: 0 | CV23: 0 | CW23: 0 | CX23: 0 | CY23: 0 | CZ23: 0 | DA23: 0 | DB23: 0 | DC23: 0 | DD23: 0 | DE23: 0 | DF23: 0 | DG23: 0 | DH23: 0 | DI23: 0 | DJ23: 0 | DK23: 0 | DL23: 0 | DM23: 0 | DN23: 0 | DO23: 0 | DP23: 0 | DQ23: 0 | DR23: 0 | DS23: 0 | DT23: 0 | DU23: 0 | DV23: 0 | DW23: 0 | DX23: 0 | DY23: 0 | DZ23: 0 | EA23: 0 | EB23: 0 | EC23: 0 | ED23: 0 | EE23: 0 | EF23: 0 | EG23: 0 | EH23: 0 | EI23: 0 | EJ23: 0 | EK23: 0 | EL23: 0 | EM23: 0 | EN23: 0 | EO23: 0 | EP23: 0 | EQ23: 0 | ER23: 0 | ES23: 0 | ET23: 0 | EU23: 0 | EV23: 0 | EW23: 0 | EX23: 0 | EY23: 0 | EZ23: 0 | FA23: 0 | FB23: 0 | FC23: 0 | FD23: 0 | FE23: 0 | FF23: 0 | FG23: 0 | FH23: 0 | FI23: 0 | FJ23: 0 | FK23: 0 | FL23: 0 | FM23: 0 | FN23: 0 | FO23: 0 | FP23: 0 | FQ23: 0 | FR23: 0 | FS23: 0 | FT23: 0 | FU23: 0 | FV23: 0 | FW23: 0 | FX23: 0 | FY23: 0 | FZ23: 0 | GA23: 0 | GB23: 0 | GC23: 0 | GD23: =IF(AG23+AI23+AK23+A23+AM23+AO23+AQ23+AS23+AU23+AW23+AY23+BA23+BC23+BE23+BG23>0,"DATA","N/A") -> N/A | GE23: N/A | GF23: =IF(BM23+BO23+BQ23+BS23+BY23+CA23+CC23+CE23+CG23+CI23<0,"DATA","N/A") -> N/A
B24: 4 | C24: PH0100000000 | D24: PH0102800000 | E24: PH0102813000 | F24: Region I (Ilocos Region) | G24: Ilocos Norte | H24: Marcos | I24: 18105 | J24: 0 | K24: 0 | L24: 0 | M24: 0 | N24: 0 | O24: 0 | P24: 0 | Q24: 0 | R24: 0 | S24: 0 | T24: 0 | U24: 0 | V24: 0 | W24: 0 | X24: 0 | Y24: 0 | Z24: 0 | AA24: 0 | AB24: 0 | AC24: 0 | AD24: 0 | AE24: 0 | AF24: 0 | AG24: 0 | AH24: 0 | AI24: 0 | AJ24: 0 | AK24: 0 | AL24: 0 | AM24: 0 | AN24: 0 | AO24: 0 | AP24: 0 | AQ24: 0 | AR24: 0 | AS24: 0 | AT24: 0 | AU24: 0 | AV24: 0 | AW24: 0 | AX24: 0 | AY24: 0 | AZ24: 0 | BA24: 0 | BB24: 0 | BC24: 0 | BD24: 0 | BE24: 0 | BF24: 0 | BG24: 0 | BH24: 0 | BI24: 0 | BJ24: 0 | BK24: 0 | BL24: 0 | BM24: 0 | BN24: 0 | BO24: 0 | BP24: 0 | BQ24: 0 | BR24: 0 | BS24: 0 | BT24: 0 | BU24: 0 | BV24: 0 | BW24: 0 | BX24: 0 | BY24: 0 | BZ24: 0 | CA24: 0 | CB24: 0 | CC24: 0 | CD24: 0 | CE24: 0 | CF24: 0 | CG24: 0 | CH24: 0 | CI24: 0 | CJ24: 0 | CK24: 0 | CL24: 0 | CM24: 0 | CN24: 0 | CO24: 0 | CP24: 0 | CQ24: 0 | CR24: 0 | CS24: 0 | CT24: 0 | CU24: 0 | CV24: 0 | CW24: 0 | CX24: 0 | CY24: 0 | CZ24: 0 | DA24: 0 | DB24: 0 | DC24: 0 | DD24: 0 | DE24: 0 | DF24: 0 | DG24: 0 | DH24: 0 | DI24: 0 | DJ24: 0 | DK24: 0 | DL24: 0 | DM24: 0 | DN24: 0 | DO24: 0 | DP24: 0 | DQ24: 0 | DR24: 0 | DS24: 0 | DT24: 0 | DU24: 0 | DV24: 0 | DW24: 0 | DX24: 0 | DY24: 0 | DZ24: 0 | EA24: 0 | EB24: 0 | EC24: 0 | ED24: 0 | EE24: 0 | EF24: 0 | EG24: 0 | EH24: 0 | EI24: 0 | EJ24: 0 | EK24: 0 | EL24: 0 | EM24: 0 | EN24: 0 | EO24: 0 | EP24: 0 | EQ24: 0 | ER24: 0 | ES24: 0 | ET24: 0 | EU24: 0 | EV24: 0 | EW24: 0 | EX24: 0 | EY24: 0 | EZ24: 0 | FA24: 0 | FB24: 0 | FC24: 0 | FD24: 0 | FE24: 0 | FF24: 0 | FG24: 0 | FH24: 0 | FI24: 0 | FJ24: 0 | FK24: 0 | FL24: 0 | FM24: 0 | FN24: 0 | FO24: 0 | FP24: 0 | FQ24: 0 | FR24: 0 | FS24: 0 | FT24: 0 | FU24: 0 | FV24: 0 | FW24: 0 | FX24: 0 | FY24: 0 | FZ24: 0 | GA24: 0 | GB24: 0 | GC24: 0 | GD24: =IF(AG24+AI24+AK24+A24+AM24+AO24+AQ24+AS24+AU24+AW24+AY24+BA24+BC24+BE24+BG24>0,"DATA","N/A") -> N/A | GE24: N/A | GF24: =IF(BM24+BO24+BQ24+BS24+BY24+CA24+CC24+CE24+CG24+CI24<0,"DATA","N/A") -> N/A
... B34: 4 | C34: PH0100000000 | D34: PH0102800000 | E34: PH0102823000 | F34: Region I (Ilocos Region) | G34: Ilocos Norte | H34: Vintar | I34: 35051 | J34: 0 | K34: 0 | L34: 0 | M34: 0 | N34: 0 | O34: 0 | P34: 0 | Q34: 0 | R34: 0 | S34: 0 | T34: 0 | U34: 0 | V34: 0 | W34: 0 | X34: 0 | Y34: 0 | Z34: 0 | AA34: 0 | AB34: 0 | AC34: 0 | AD34: 0 | AE34: 0 | AF34: 0 | AG34: 0 | AH34: 0 | AI34: 0 | AJ34: 0 | AK34: 0 | AL34: 0 | AM34: 0 | AN34: 0 | AO34: 0 | AP34: 0 | AQ34: 0 | AR34: 0 | AS34: 0 | AT34: 0 | AU34: 0 | AV34: 0 | AW34: 0 | AX34: 0 | AY34: 0 | AZ34: 0 | BA34: 0 | BB34: 0 | BC34: 0 | BD34: 0 | BE34: 0 | BF34: 0 | BG34: 0 | BH34: 0 | BI34: 0 | BJ34: 0 | BK34: 0 | BL34: 0 | BM34: 0 | BN34: 0 | BO34: 0 | BP34: 0 | BQ34: 0 | BR34: 0 | BS34: 0 | BT34: 0 | BU34: 0 | BV34: 0 | BW34: 0 | BX34: 0 | BY34: 0 | BZ34: 0 | CA34: 0 | CB34: 0 | CC34: 0 | CD34: 0 | CE34: 0 | CF34: 0 | CG34: 0 | CH34: 0 | CI34: 0 | CJ34: 0 | CK34: 0 | CL34: 0 | CM34: 0 | CN34: 0 | CO34: 0 | CP34: 0 | CQ34: 0 | CR34: 0 | CS34: 0 | CT34: 0 | CU34: 0 | CV34: 0 | CW34: 0 | CX34: 0 | CY34: 0 | CZ34: 0 | DA34: 0 | DB34: 0 | DC34: 0 | DD34: 0 | DE34: 0 | DF34: 0 | DG34: 0 | DH34: 0 | DI34: 0 | DJ34: 0 | DK34: 0 | DL34: 0 | DM34: 0 | DN34: 0 | DO34: 0 | DP34: 0 | DQ34: 0 | DR34: 0 | DS34: 0 | DT34: 0 | DU34: 0 | DV34: 0 | DW34: 0 | DX34: 0 | DY34: 0 | DZ34: 0 | EA34: 0 | EB34: 0 | EC34: 0 | ED34: 0 | EE34: 0 | EF34: 0 | EG34: 0 | EH34: 0 | EI34: 0 | EJ34: 0 | EK34: 0 | EL34: 0 | EM34: 0 | EN34: 0 | EO34: 0 | EP34: 0 | EQ34: 0 | ER34: 0 | ES34: 0 | ET34: 0 | EU34: 0 | EV34: 0 | EW34: 0 | EX34: 0 | EY34: 0 | EZ34: 0 | FA34: 0 | FB34: 0 | FC34: 0 | FD34: 0 | FE34: 0 | FF34: 0 | FG34: 0 | FH34: 0 | FI34: 0 | FJ34: 0 | FK34: 0 | FL34: 0 | FM34: 0 | FN34: 0 | FO34: 0 | FP34: 0 | FQ34: 0 | FR34: 0 | FS34: 0 | FT34: 0 | FU34: 0 | FV34: 0 | FW34: 0 | FX34: 0 | FY34: 0 | FZ34: 0 | GA34: 0 | GB34: 0 | GC34: 0 | GD34: =IF(AG34+AI34+AK34+A34+AM34+AO34+AQ34+AS34+AU34+AW34+AY34+BA34+BC34+BE34+BG34>0,"DATA","N/A") -> N/A | GE34: N/A | GF34: =IF(BM34+BO34+BQ34+BS34+BY34+CA34+CC34+CE34+CG34+CI34<0,"DATA","N/A") -> N/A
B35: 3 | C35: PH0100000000 | F35: Region I (Ilocos Region) | H35: Ilocos Sur | I35: =SUM(I36,I37,I38,I39,I40,I41,I42,I43,I44,I45,I46,I47,I48,I49,I50,I51,I52,I53,I54,I55,I56,I57,I58,I59,I60,I61,I62,I63,I64,I65,I66,I67,I68,I69,I70) -> 709991 | J35: =SUM(J36:J70) -> 0 | K35: =SUM(K36:K70) -> 0 | L35: =SUM(L36:L70) -> 0 | M35: =SUM(M36:M70) -> 0 | N35: =SUM(N36:N70) -> 0 | O35: =SUM(O36:O70) -> 0 | R35: =SUM(R36:R70) -> 0 | S35: =SUM(S36:S70) -> 0 | T35: =SUM(T36:T70) -> 0 | U35: =SUM(U36:U70) -> 0 | V35: =SUM(V36:V70) -> 0 | W35: =SUM(W36:W70) -> 0 | X35: =SUM(X36:X70) -> 0 | Y35: =SUM(Y36:Y70) -> 0 | ... FK35: =SUM(FK36:FK70) -> 0 | FM35: =SUM(FM36:FM70) -> 0 | FN35: =SUM(FN36:FN70) -> 0 | FP35: =SUM(FP36:FP70) -> 0 | FQ35: =SUM(FQ36:FQ70) -> 0 | FR35: =SUM(FR36:FR70) -> 0 | FS35: =SUM(FS36:FS70) -> 0 | FT35: =SUM(FT36:FT70) -> 0 | FU35: =SUM(FU36:FU70) -> 0 | FV35: =SUM(FV36:FV70) -> 0 | FW35: =SUM(FW36:FW70) -> 0 | ... GC35: =SUM(GC36:GC70) -> 0 | GD35: =IF(AG35+AI35+AK35+A35+AM35+AO35+AQ35+AS35+AU35+AW35+AY35+BA35+BC35+BE35+BG35>0,"DATA","N/A") -> N/A | GE35: N/A | GF35: =IF(BM35+BO35+BQ35+BS35+BY35+CA35+CC35+CE35+CG35+CI35<0,"DATA","N/A") -> N/A
B36: 5 | C36: PH0100000000 | D36: PH0102900000 | E36: PLGU Ilocos Sur | F36: Region I (Ilocos Region) | G36: Ilocos Sur | H36: PLGU Ilocos Sur | I36: ='REGION I'!F$221 -> 0 | J36: ='REGION I'!I$221 -> 0 | K36: ='REGION I'!J$221 -> 0 | L36: ='REGION I'!K$221 -> 0 | M36: ='REGION I'!L$221 -> 0 | N36: ='REGION I'!M$221 -> 0 | O36: ='REGION I'!N$221 -> 0 | P36: ='REGION I'!O$221 -> 0 | Q36: ='REGION I'!P$221 -> 0 | R36: ='REGION I'!T$221 -> 0 | S36: ='REGION I'!U$221 -> 0 | T36: ='REGION I'!V$221 -> 0 | U36: ='REGION I'!W$221 -> 0 | V36: ='REGION I'!X$221 -> 0 | W36: ='REGION I'!Y$221 -> 0 | X36: ='REGION I'!Z$221 -> 0 | Y36: ='REGION I'!AA$221 -> 0 | ... ED36: ='REGION I'!EF$221 -> 0 | EE36: ='REGION I'!EH$221 -> 0 | EF36: ='REGION I'!EI$221 -> 0 | EG36: ='REGION I'!EK$221 -> 0 | EH36: ='REGION I'!EL$221 -> 0 | EI36: ='REGION I'!EN$221 -> 0 | EJ36: ='REGION I'!EO$221 -> 0 | EK36: ='REGION I'!EQ$221 -> 0 | EL36: ='REGION I'!ER$221 -> 0 | EM36: ='REGION I'!ES$221 -> 0 | EN36: ='REGION I'!EU$221 -> 0 | EO36: ='REGION I'!EV$221 -> 0 | EP36: ='REGION I'!EX$221 -> 0 | EQ36: ='REGION I'!EY$221 -> 0 | ER36: ='REGION I'!FA$221 -> 0 | ES36: ='REGION I'!FB$221 -> 0 | ET36: ='REGION I'!FD$221 -> 0 | EU36: ='REGION I'!FE$221 -> 0 | EV36: ='REGION I'!FG$221 -> 0 | EW36: ='REGION I'!FH$221 -> 0 | EX36: ='REGION I'!FJ$221 -> 0 | EY36: ='REGION I'!FK$221 -> 0 | EZ36: ='REGION I'!FM$221 -> 0 | FA36: ='REGION I'!FN$221 -> 0 | FB36: ='REGION I'!FP$221 -> 0 | FC36: ='REGION I'!FQ$221 -> 0 | FD36: ='REGION I'!FS$221 -> 0 | FE36: ='REGION I'!FT$221 -> 0 | FF36: ='REGION I'!FV$221 -> 0 | FG36: ='REGION I'!FW$221 -> 0 | FH36: ='REGION I'!FX$221 -> 0 | FI36: ='REGION I'!FZ$221 -> 0 | FJ36: ='REGION I'!GA$221 -> 0 | FK36: ='REGION I'!GB$221 -> 0 | FL36: ='REGION I'!GC$221 -> 0 | FM36: ='REGION I'!GD$221 -> 0 | FN36: ='REGION I'!GE$221 -> 0 | FO36: ='REGION I'!GF$221 -> 0 | FP36: ='REGION I'!GG$221 -> 0 | ... FV36: ='REGION I'!GM$221 -> 0 | FW36: =SUM(FM36,FP36,FR36,FT36,FV36) -> 0 | FX36: ='REGION I'!GO$221 -> 0 | FY36: ='REGION I'!GS$221 -> 0 | FZ36: ='REGION I'!GT$221 -> 0 | GA36: ='REGION I'!GU$221 -> 0 | GB36: ='REGION I'!GV$221 -> 0 | GC36: ='REGION I'!GW$221 -> 0 | GD36: =IF(AG36+AI36+AK36+A36+AM36+AO36+AQ36+AS36+AU36+AW36+AY36+BA36+BC36+BE36+BG36>0,"DATA","N/A") -> N/A | GE36: N/A | GF36: =IF(BM36+BO36+BQ36+BS36+BY36+CA36+CC36+CE36+CG36+CI36<0,"DATA","N/A") -> N/A
B37: 4 | C37: PH0100000000 | D37: PH0102900000 | E37: PH0102901000 | F37: Region I (Ilocos Region) | G37: Ilocos Sur | H37: Alilem | I37: {=VLOOKUP(H37:H70, 'REGION I'!$B$222:$GW527, COLUMN('REGION I'!F41)-1, FALSE)} -> 7736 | J37: {=VLOOKUP(H37:H70, 'REGION I'!$B$222:$GW527, COLUMN('REGION I'!I41)-1, FALSE)} -> 0 | K37: {=VLOOKUP(H37:H70, 'REGION I'!$B$222:$GW527, COLUMN('REGION I'!J41)-1, FALSE)} -> 0 | L37: {=VLOOKUP(H37:H70, 'REGION I'!$B$222:$GW527, COLUMN('REGION I'!K41)-1, FALSE)} -> 0 | M37: {=VLOOKUP(H37:H70, 'REGION I'!$B$222:$GW527, COLUMN('REGION I'!L41)-1, FALSE)} -> 0 | N37: {=VLOOKUP(H37:H70, 'REGION I'!$B$222:$GW527, COLUMN('REGION I'!M41)-1, FALSE)} -> 0 | O37: {=VLOOKUP($H37:$H70, 'REGION I'!$B$222:$GW527, COLUMN('REGION I'!N41)-1, FALSE)} -> 0 | P37: {=VLOOKUP($H37:$H70, 'REGION I'!$B$222:$GW527, COLUMN('REGION I'!O41)-1, FALSE)} -> 0 | Q37: {=VLOOKUP($H37:$H70, 'REGION I'!$B$222:$GW527, COLUMN('REGION I'!P41)-1, FALSE)} -> 0 | R37: {=VLOOKUP(H37:H70, 'REGION I'!$B$222:$GW527, COLUMN('REGION I'!T41)-1, FALSE)} -> 0 | S37: {=VLOOKUP(H37:H70, 'REGION I'!$B$222:$GW527, COLUMN('REGION I'!U41)-1, FALSE)} -> 0 | T37: {=VLOOKUP(H37:H70, 'REGION I'!$B$222:$GW527, COLUMN('REGION I'!V41)-1, FALSE)} -> 0 | U37: {=VLOOKUP(H37:H70, 'REGION I'!$B$222:$GW527, COLUMN('REGION I'!W41)-1, FALSE)} -> 0 | V37: {=VLOOKUP(H37:H70, 'REGION I'!$B$222:$GW527, COLUMN('REGION I'!X41)-1, FALSE)} -> 0 | W37: {=VLOOKUP(H37:H70, 'REGION I'!$B$222:$GW527, COLUMN('REGION I'!Y41)-1, FALSE)} -> 0 | X37: {=VLOOKUP(H37:H70, 'REGION I'!$B$222:$GW527, COLUMN('REGION I'!Z41)-1, FALSE)} -> 0 | Y37: {=VLOOKUP(H37:H70, 'REGION I'!$B$222:$GW527, COLUMN('REGION I'!AA41)-1, FALSE)} -> 0 | Z37: {=VLOOKUP(H37:H70, 'REGION I'!$B$222:$GW527, COLUMN('REGION I'!AB41)-1, FALSE)} -> 0 | AA37: {=VLOOKUP(H37:H70, 'REGION I'!$B$222:$GW527, COLUMN('REGION I'!AC41)-1, FALSE)} -> 0 | AB37: {=VLOOKUP(H37:H70, 'REGION I'!$B$222:$GW527, COLUMN('REGION I'!AD41)-1, FALSE)} -> 0 | AC37: {=VLOOKUP(H37:H70, 'REGION I'!$B$222:$GW527, COLUMN('REGION I'!AE41)-1, FALSE)} -> 0 | AD37: {=VLOOKUP(H37:H70, 'REGION I'!$B$222:$GW527, COLUMN('REGION I'!AF41)-1, FALSE)} -> 0 | AE37: {=VLOOKUP($H37:$H70, 'REGION I'!$B$222:$GW527, COLUMN('REGION I'!AG41)-1, FALSE)} -> 0 | AF37: {=VLOOKUP($H37:$H70, 'REGION I'!$B$222:$GW527, COLUMN('REGION I'!AH41)-1, FALSE)} -> 0 | AG37: {=VLOOKUP($H37:$H70, 'REGION I'!$B$222:$GW527, COLUMN('REGION I'!AI41)-1, FALSE)} -> 0 | AH37: {=VLOOKUP(H37:H70, 'REGION I'!$B$222:$GW527, COLUMN('REGION I'!AJ41)-1, FALSE)} -> 0 | AI37: {=VLOOKUP(H37:H70, 'REGION I'!$B$222:$GW527, COLUMN('REGION I'!AK41)-1, FALSE)} -> 0 | AJ37: {=VLOOKUP(H37:H70, 'REGION I'!$B$222:$GW527, COLUMN('REGION I'!AL41)-1, FALSE)} -> 0 | AK37: {=VLOOKUP(H37:H70, 'REGION I'!$B$222:$GW527, COLUMN('REGION I'!AM41)-1, FALSE)} -> 0 | AL37: {=VLOOKUP(H37:H70, 'REGION I'!$B$222:$GW527, COLUMN('REGION I'!AN41)-1, FALSE)} -> 0 | AM37: {=VLOOKUP(H37:H70, 'REGION I'!$B$222:$GW527, COLUMN('REGION I'!AO41)-1, FALSE)} -> 0 | AN37: {=VLOOKUP(H37:H70, 'REGION I'!$B$222:$GW527, COLUMN('REGION I'!AP41)-1, FALSE)} -> 0 | AO37: {=VLOOKUP(H37:H70, 'REGION I'!$B$222:$GW527, COLUMN('REGION I'!AQ41)-1, FALSE)} -> 0 | AP37: {=VLOOKUP(H37:H70, 'REGION I'!$B$222:$GW527, COLUMN('REGION I'!AR41)-1, FALSE)} -> 0 | AQ37: {=VLOOKUP(H37:H70, 'REGION I'!$B$222:$GW527, COLUMN('REGION I'!AS41)-1, FALSE)} -> 0 | AR37: {=VLOOKUP(H37:H70, 'REGION I'!$B$222:$GW527, COLUMN('REGION I'!AT41)-1, FALSE)} -> 0 | AS37: {=VLOOKUP(H37:H70, 'REGION I'!$B$222:$GW527, COLUMN('REGION I'!AU41)-1, FALSE)} -> 0 | AT37: {=VLOOKUP(H37:H70, 'REGION I'!$B$222:$GW527, COLUMN('REGION I'!AV41)-1, FALSE)} -> 0 | AU37: {=VLOOKUP(H37:H70, 'REGION I'!$B$222:$GW527, COLUMN('REGION I'!AW41)-1, FALSE)} -> 0 | AV37: {=VLOOKUP(H37:H70, 'REGION I'!$B$222:$GW527, COLUMN('REGION I'!AX41)-1, FALSE)} -> 0 | AW37: {=VLOOKUP(H37:H70, 'REGION I'!$B$222:$GW527, COLUMN('REGION I'!AY41)-1, FALSE)} -> 0 | AX37: {=VLOOKUP(H37:H70, 'REGION I'!$B$222:$GW527, COLUMN('REGION I'!AZ41)-1, FALSE)} -> 0 | AY37: {=VLOOKUP(H37:H70, 'REGION I'!$B$222:$GW527, COLUMN('REGION I'!BA41)-1, FALSE)} -> 0 | AZ37: {=VLOOKUP(H37:H70, 'REGION I'!$B$222:$GW527, COLUMN('REGION I'!BB41)-1, FALSE)} -> 0 | BA37: {=VLOOKUP(H37:H70, 'REGION I'!$B$222:$GW527, COLUMN('REGION I'!BC41)-1, FALSE)} -> 0 | BB37: {=VLOOKUP(H37:H70, 'REGION I'!$B$222:$GW527, COLUMN('REGION I'!BD41)-1, FALSE)} -> 0 | BC37: {=VLOOKUP(H37:H70, 'REGION I'!$B$222:$GW527, COLUMN('REGION I'!BE41)-1, FALSE)} -> 0 | BD37: {=VLOOKUP(H37:H70, 'REGION I'!$B$222:$GW527, COLUMN('REGION I'!BF41)-1, FALSE)} -> 0 | BE37: {=VLOOKUP(H37:H70, 'REGION I'!$B$222:$GW527, COLUMN('REGION I'!BG41)-1, FALSE)} -> 0 | BF37: {=VLOOKUP(H37:H70, 'REGION I'!$B$222:$GW527, COLUMN('REGION I'!BH41)-1, FALSE)} -> 0 | BG37: {=VLOOKUP(H37:H70, 'REGION I'!$B$222:$GW527, COLUMN('REGION I'!BI41)-1, FALSE)} -> 0 | BH37: {=VLOOKUP(H37:H70, 'REGION I'!$B$222:$GW527, COLUMN('REGION I'!BJ41)-1, FALSE)} -> 0 | BI37: {=VLOOKUP(H37:H70, 'REGION I'!$B$222:$GW527, COLUMN('REGION I'!BK41)-1, FALSE)} -> 0 | BJ37: {=VLOOKUP(H37:H70, 'REGION I'!$B$222:$GW527, COLUMN('REGION I'!BL41)-1, FALSE)} -> 0 | BK37: {=VLOOKUP(H37:H70, 'REGION I'!$B$222:$GW527, COLUMN('REGION I'!BM41)-1, FALSE)} -> 0 | BL37: {=VLOOKUP(H37:H70, 'REGION I'!$B$222:$GW527, COLUMN('REGION I'!BN41)-1, FALSE)} -> 0 | BM37: {=VLOOKUP(H37:H70, 'REGION I'!$B$222:$GW527, COLUMN('REGION I'!BO41)-1, FALSE)} -> 0 | BN37: {=VLOOKUP(H37:H70, 'REGION I'!$B$222:$GW527, COLUMN('REGION I'!BP41)-1, FALSE)} -> 0 | BO37: {=VLOOKUP(H37:H70, 'REGION I'!$B$222:$GW527, COLUMN('REGION I'!BQ41)-1, FALSE)} -> 0 | BP37: {=VLOOKUP(H37:H70, 'REGION I'!$B$222:$GW527, COLUMN('REGION I'!BR41)-1, FALSE)} -> 0 | BQ37: {=VLOOKUP(H37:H70, 'REGION I'!$B$222:$GW527, COLUMN('REGION I'!BS41)-1, FALSE)} -> 0 | BR37: {=VLOOKUP(H37:H70, 'REGION I'!$B$222:$GW527, COLUMN('REGION I'!BT41)-1, FALSE)} -> 0 | BS37: {=VLOOKUP(H37:H70, 'REGION I'!$B$222:$GW527, COLUMN('REGION I'!BU41)-1, FALSE)} -> 0 | BT37: {=VLOOKUP(H37:H70, 'REGION I'!$B$222:$GW527, COLUMN('REGION I'!BV41)-1, FALSE)} -> 0 | BU37: {=VLOOKUP(H37:H70, 'REGION I'!$B$222:$GW527, COLUMN('REGION I'!BW41)-1, FALSE)} -> 0 | BV37: {=VLOOKUP(H37:H70, 'REGION I'!$B$222:$GW527, COLUMN('REGION I'!BX41)-1, FALSE)} -> 0 | BW37: {=VLOOKUP(H37:H70, 'REGION I'!$B$222:$GW527, COLUMN('REGION I'!BY41)-1, FALSE)} -> 0 | BX37: {=VLOOKUP(H37:H70, 'REGION I'!$B$222:$GW527, COLUMN('REGION I'!BZ41)-1, FALSE)} -> 0 | BY37: {=VLOOKUP(H37:H70, 'REGION I'!$B$222:$GW527, COLUMN('REGION I'!CA41)-1, FALSE)} -> 0 | BZ37: {=VLOOKUP(H37:H70, 'REGION I'!$B$222:$GW527, COLUMN('REGION I'!CB41)-1, FALSE)} -> 0 | CA37: {=VLOOKUP(H37:H70, 'REGION I'!$B$222:$GW527, COLUMN('REGION I'!CC41)-1, FALSE)} -> 0 | CB37: {=VLOOKUP(H37:H70, 'REGION I'!$B$222:$GW527, COLUMN('REGION I'!CD41)-1, FALSE)} -> 0 | CC37: {=VLOOKUP(H37:H70, 'REGION I'!$B$222:$GW527, COLUMN('REGION I'!CE41)-1, FALSE)} -> 0 | CD37: {=VLOOKUP(H37:H70, 'REGION I'!$B$222:$GW527, COLUMN('REGION I'!CF41)-1, FALSE)} -> 0 | CE37: {=VLOOKUP(H37:H70, 'REGION I'!$B$222:$GW527, COLUMN('REGION I'!CG41)-1, FALSE)} -> 0 | CF37: {=VLOOKUP(H37:H70, 'REGION I'!$B$222:$GW527, COLUMN('REGION I'!CH41)-1, FALSE)} -> 0 | CG37: {=VLOOKUP(H37:H70, 'REGION I'!$B$222:$GW527, COLUMN('REGION I'!CI41)-1, FALSE)} -> 0 | CH37: {=VLOOKUP(H37:H70, 'REGION I'!$B$222:$GW527, COLUMN('REGION I'!CJ41)-1, FALSE)} -> 0 | CI37: {=VLOOKUP(H37:H70, 'REGION I'!$B$222:$GW527, COLUMN('REGION I'!CK41)-1, FALSE)} -> 0 | CJ37: {=VLOOKUP(H37:H70, 'REGION I'!$B$222:$GW527, COLUMN('REGION I'!CL41)-1, FALSE)} -> 0 | CK37: {=VLOOKUP(H37:H70, 'REGION I'!$B$222:$GW527, COLUMN('REGION I'!CM41)-1, FALSE)} -> 0 | CL37: {=VLOOKUP(H37:H70, 'REGION I'!$B$222:$GW527, COLUMN('REGION I'!CN41)-1, FALSE)} -> 0 | CM37: {=VLOOKUP(H37:H70, 'REGION I'!$B$222:$GW527, COLUMN('REGION I'!CO41)-1, FALSE)} -> 0 | CN37: {=VLOOKUP(H37:H70, 'REGION I'!$B$222:$GW527, COLUMN('REGION I'!CP41)-1, FALSE)} -> 0 | CO37: {=VLOOKUP($H37:$H70, 'REGION I'!$B$222:$GW527, COLUMN('REGION I'!CQ41)-1, FALSE)} -> 0 | CP37: {=VLOOKUP($H37:$H70, 'REGION I'!$B$222:$GW527, COLUMN('REGION I'!CR41)-1, FALSE)} -> 0 | CQ37: {=VLOOKUP($H37:$H70, 'REGION I'!$B$222:$GW527, COLUMN('REGION I'!CS41)-1, FALSE)} -> 0 | CR37: {=VLOOKUP($H37:$H70, 'REGION I'!$B$222:$GW527, COLUMN('REGION I'!CT41)-1, FALSE)} -> 0 | CS37: {=VLOOKUP($H37:$H70, 'REGION I'!$B$222:$GW527, COLUMN('REGION I'!CU41)-1, FALSE)} -> 0 | CT37: {=VLOOKUP($H37:$H70, 'REGION I'!$B$222:$GW527, COLUMN('REGION I'!CV41)-1, FALSE)} -> 0 | CU37: {=VLOOKUP($H37:$H70, 'REGION I'!$B$222:$GW527, COLUMN('REGION I'!CW41)-1, FALSE)} -> 0 | CV37: {=VLOOKUP($H37:$H70, 'REGION I'!$B$222:$GW527, COLUMN('REGION I'!CX41)-1, FALSE)} -> 0 | ... DZ37: {=VLOOKUP($H37:$H70, 'REGION I'!$B$222:$GW527, COLUMN('REGION I'!EB41)-1, FALSE)} -> 0 | EA37: {=VLOOKUP(H37:H70, 'REGION I'!$B$222:$GW527, COLUMN('REGION I'!EC41)-1, FALSE)} -> 0 | EB37: {=VLOOKUP(H37:H70, 'REGION I'!$B$222:$GW527, COLUMN('REGION I'!ED41)-1, FALSE)} -> 0 | EC37: {=VLOOKUP(H37:H70, 'REGION I'!$B$222:$GW527, COLUMN('REGION I'!EE41)-1, FALSE)} -> 0 | ED37: {=VLOOKUP(H37:H70, 'REGION I'!$B$222:$GW527, COLUMN('REGION I'!EF41)-1, FALSE)} -> 0 | EE37: {=VLOOKUP(H37:H70, 'REGION I'!$B$222:$GW527, COLUMN('REGION I'!EH41)-1, FALSE)} -> 0 | EF37: {=VLOOKUP(H37:H70, 'REGION I'!$B$222:$GW527, COLUMN('REGION I'!EI41)-1, FALSE)} -> 0 | EG37: {=VLOOKUP(H37:H70, 'REGION I'!$B$222:$GW527, COLUMN('REGION I'!EK41)-1, FALSE)} -> 0 | EH37: {=VLOOKUP(H37:H70, 'REGION I'!$B$222:$GW527, COLUMN('REGION I'!EL41)-1, FALSE)} -> 0 | EI37: {=VLOOKUP(H37:H70, 'REGION I'!$B$222:$GW527, COLUMN('REGION I'!EN41)-1, FALSE)} -> 0 | EJ37: {=VLOOKUP(H37:H70, 'REGION I'!$B$222:$GW527, COLUMN('REGION I'!EO41)-1, FALSE)} -> 0 | EK37: {=VLOOKUP(H37:H70, 'REGION I'!$B$222:$GW527, COLUMN('REGION I'!EQ41)-1, FALSE)} -> 0 | EL37: {=VLOOKUP(H37:H70, 'REGION I'!$B$222:$GW527, COLUMN('REGION I'!ER41)-1, FALSE)} -> 0 | EM37: {=VLOOKUP(H37:H70, 'REGION I'!$B$222:$GW527, COLUMN('REGION I'!ES41)-1, FALSE)} -> 0 | EN37: {=VLOOKUP(H37:H70, 'REGION I'!$B$222:$GW527, COLUMN('REGION I'!EU41)-1, FALSE)} -> 0 | EO37: {=VLOOKUP(H37:H70, 'REGION I'!$B$222:$GW527, COLUMN('REGION I'!EV41)-1, FALSE)} -> 0 | EP37: {=VLOOKUP(H37:H70, 'REGION I'!$B$222:$GW527, COLUMN('REGION I'!EX41)-1, FALSE)} -> 0 | EQ37: {=VLOOKUP(H37:H70, 'REGION I'!$B$222:$GW527, COLUMN('REGION I'!EY41)-1, FALSE)} -> 0 | ER37: {=VLOOKUP(H37:H70, 'REGION I'!$B$222:$GW527, COLUMN('REGION I'!FA41)-1, FALSE)} -> 0 | ES37: {=VLOOKUP(H37:H70, 'REGION I'!$B$222:$GW527, COLUMN('REGION I'!FB41)-1, FALSE)} -> 0 | ET37: {=VLOOKUP(H37:H70, 'REGION I'!$B$222:$GW527, COLUMN('REGION I'!FD41)-1, FALSE)} -> 0 | EU37: {=VLOOKUP(H37:H70, 'REGION I'!$B$222:$GW527, COLUMN('REGION I'!FE41)-1, FALSE)} -> 0 | EV37: {=VLOOKUP(H37:H70, 'REGION I'!$B$222:$GW527, COLUMN('REGION I'!FG41)-1, FALSE)} -> 0 | EW37: {=VLOOKUP(H37:H70, 'REGION I'!$B$222:$GW527, COLUMN('REGION I'!FH41)-1, FALSE)} -> 0 | EX37: {=VLOOKUP(H37:H70, 'REGION I'!$B$222:$GW527, COLUMN('REGION I'!FJ41)-1, FALSE)} -> 0 | EY37: {=VLOOKUP(H37:H70, 'REGION I'!$B$222:$GW527, COLUMN('REGION I'!FK41)-1, FALSE)} -> 0 | EZ37: {=VLOOKUP(H37:H70, 'REGION I'!$B$222:$GW527, COLUMN('REGION I'!FM41)-1, FALSE)} -> 0 | FA37: {=VLOOKUP(H37:H70, 'REGION I'!$B$222:$GW527, COLUMN('REGION I'!FN41)-1, FALSE)} -> 0 | FB37: {=VLOOKUP(H37:H70, 'REGION I'!$B$222:$GW527, COLUMN('REGION I'!FP41)-1, FALSE)} -> 0 | FC37: {=VLOOKUP(H37:H70, 'REGION I'!$B$222:$GW527, COLUMN('REGION I'!FQ41)-1, FALSE)} -> 0 | FD37: {=VLOOKUP(H37:H70, 'REGION I'!$B$222:$GW527, COLUMN('REGION I'!FS41)-1, FALSE)} -> 0 | FE37: {=VLOOKUP(H37:H70, 'REGION I'!$B$222:$GW527, COLUMN('REGION I'!FT41)-1, FALSE)} -> 0 | FF37: {=VLOOKUP(H37:H70, 'REGION I'!$B$222:$GW527, COLUMN('REGION I'!FV41)-1, FALSE)} -> 0 | FG37: {=VLOOKUP(H37:H70, 'REGION I'!$B$222:$GW527, COLUMN('REGION I'!FW41)-1, FALSE)} -> 0 | FH37: {=VLOOKUP(H37:H70, 'REGION I'!$B$222:$GW527, COLUMN('REGION I'!FX41)-1, FALSE)} -> 0 | FI37: {=VLOOKUP(H37:H70, 'REGION I'!$B$222:$GW527, COLUMN('REGION I'!FZ41)-1, FALSE)} -> 0 | FJ37: {=VLOOKUP(H37:H70, 'REGION I'!$B$222:$GW527, COLUMN('REGION I'!GA41)-1, FALSE)} -> 0 | FK37: {=VLOOKUP(H37:H70, 'REGION I'!$B$222:$GW527, COLUMN('REGION I'!GB41)-1, FALSE)} -> 0 | FL37: {=VLOOKUP(H37:H70, 'REGION I'!$B$222:$GW527, COLUMN('REGION I'!GC41)-1, FALSE)} -> 0 | FM37: {=VLOOKUP(H37:H70, 'REGION I'!$B$222:$GW527, COLUMN('REGION I'!GD41)-1, FALSE)} -> 0 | FN37: {=VLOOKUP(H37:H70, 'REGION I'!$B$222:$GW527, COLUMN('REGION I'!GE41)-1, FALSE)} -> 0 | FO37: {=VLOOKUP(H37:H70, 'REGION I'!$B$222:$GW527, COLUMN('REGION I'!GF41)-1, FALSE)} -> 0 | FP37: {=VLOOKUP(H37:H70, 'REGION I'!$B$222:$GW527, COLUMN('REGION I'!GG41)-1, FALSE)} -> 0 | FQ37: {=VLOOKUP(H37:H70, 'REGION I'!$B$222:$GW527, COLUMN('REGION I'!GH41)-1, FALSE)} -> 0 | FR37: {=VLOOKUP(H37:H70, 'REGION I'!$B$222:$GW527, COLUMN('REGION I'!GI41)-1, FALSE)} -> 0 | FS37: {=VLOOKUP(H37:H70, 'REGION I'!$B$222:$GW527, COLUMN('REGION I'!GJ41)-1, FALSE)} -> 0 | FT37: {=VLOOKUP(H37:H70, 'REGION I'!$B$222:$GW527, COLUMN('REGION I'!GK41)-1, FALSE)} -> 0 | FU37: {=VLOOKUP(H37:H70, 'REGION I'!$B$222:$GW527, COLUMN('REGION I'!GL41)-1, FALSE)} -> 0 | FV37: {=VLOOKUP(H37:H70, 'REGION I'!$B$222:$GW527, COLUMN('REGION I'!GM41)-1, FALSE)} -> 0 | FW37: {=VLOOKUP(H37:H70, 'REGION I'!$B$222:$GW527, COLUMN('REGION I'!GN41)-1, FALSE)} -> 0 | FX37: {=VLOOKUP(H37:H70, 'REGION I'!$B$222:$GW527, COLUMN('REGION I'!GO41)-1, FALSE)} -> 0 | FY37: {=VLOOKUP(H37:H70, 'REGION I'!$B$222:$GW527, COLUMN('REGION I'!GS41)-1, FALSE)} -> 0 | FZ37: {=VLOOKUP(H37:H70, 'REGION I'!$B$222:$GW527, COLUMN('REGION I'!GT41)-1, FALSE)} -> 0 | GA37: {=VLOOKUP(H37:H70, 'REGION I'!$B$222:$GW527, COLUMN('REGION I'!GU41)-1, FALSE)} -> 0 | GB37: {=VLOOKUP(H37:H70, 'REGION I'!$B$222:$GW527, COLUMN('REGION I'!GV41)-1, FALSE)} -> 0 | GC37: {=VLOOKUP(H37:H70, 'REGION I'!$B$222:$GW527, COLUMN('REGION I'!GW41)-1, FALSE)} -> 0 | GD37: =IF(AG37+AI37+AK37+A37+AM37+AO37+AQ37+AS37+AU37+AW37+AY37+BA37+BC37+BE37+BG37>0,"DATA","N/A") -> N/A | GE37: N/A | GF37: =IF(BM37+BO37+BQ37+BS37+BY37+CA37+CC37+CE37+CG37+CI37<0,"DATA","N/A") -> N/A
B38: 4 | C38: PH0100000000 | D38: PH0102900000 | E38: PH0102902000 | F38: Region I (Ilocos Region) | G38: Ilocos Sur | H38: Banayoyo | I38: 7953 | J38: 0 | K38: 0 | L38: 0 | M38: 0 | N38: 0 | O38: 0 | P38: 0 | Q38: 0 | R38: 0 | S38: 0 | T38: 0 | U38: 0 | V38: 0 | W38: 0 | X38: 0 | Y38: 0 | Z38: 0 | AA38: 0 | AB38: 0 | AC38: 0 | AD38: 0 | AE38: 0 | AF38: 0 | AG38: 0 | AH38: 0 | AI38: 0 | AJ38: 0 | AK38: 0 | AL38: 0 | AM38: 0 | AN38: 0 | AO38: 0 | AP38: 0 | AQ38: 0 | AR38: 0 | AS38: 0 | AT38: 0 | AU38: 0 | AV38: 0 | AW38: 0 | AX38: 0 | AY38: 0 | AZ38: 0 | BA38: 0 | BB38: 0 | BC38: 0 | BD38: 0 | BE38: 0 | BF38: 0 | BG38: 0 | BH38: 0 | BI38: 0 | BJ38: 0 | BK38: 0 | BL38: 0 | BM38: 0 | BN38: 0 | BO38: 0 | BP38: 0 | BQ38: 0 | BR38: 0 | BS38: 0 | BT38: 0 | BU38: 0 | BV38: 0 | BW38: 0 | BX38: 0 | BY38: 0 | BZ38: 0 | CA38: 0 | CB38: 0 | CC38: 0 | CD38: 0 | CE38: 0 | CF38: 0 | CG38: 0 | CH38: 0 | CI38: 0 | CJ38: 0 | CK38: 0 | CL38: 0 | CM38: 0 | CN38: 0 | CO38: 0 | CP38: 0 | CQ38: 0 | CR38: 0 | CS38: 0 | CT38: 0 | CU38: 0 | CV38: 0 | CW38: 0 | CX38: 0 | CY38: 0 | CZ38: 0 | DA38: 0 | DB38: 0 | DC38: 0 | DD38: 0 | DE38: 0 | DF38: 0 | DG38: 0 | DH38: 0 | DI38: 0 | DJ38: 0 | DK38: 0 | DL38: 0 | DM38: 0 | DN38: 0 | DO38: 0 | DP38: 0 | DQ38: 0 | DR38: 0 | DS38: 0 | DT38: 0 | DU38: 0 | DV38: 0 | DW38: 0 | DX38: 0 | DY38: 0 | DZ38: 0 | EA38: 0 | EB38: 0 | EC38: 0 | ED38: 0 | EE38: 0 | EF38: 0 | EG38: 0 | EH38: 0 | EI38: 0 | EJ38: 0 | EK38: 0 | EL38: 0 | EM38: 0 | EN38: 0 | EO38: 0 | EP38: 0 | EQ38: 0 | ER38: 0 | ES38: 0 | ET38: 0 | EU38: 0 | EV38: 0 | EW38: 0 | EX38: 0 | EY38: 0 | EZ38: 0 | FA38: 0 | FB38: 0 | FC38: 0 | FD38: 0 | FE38: 0 | FF38: 0 | FG38: 0 | FH38: 0 | FI38: 0 | FJ38: 0 | FK38: 0 | FL38: 0 | FM38: 0 | FN38: 0 | FO38: 0 | FP38: 0 | FQ38: 0 | FR38: 0 | FS38: 0 | FT38: 0 | FU38: 0 | FV38: 0 | FW38: 0 | FX38: 0 | FY38: 0 | FZ38: 0 | GA38: 0 | GB38: 0 | GC38: 0 | GD38: =IF(AG38+AI38+AK38+A38+AM38+AO38+AQ38+AS38+AU38+AW38+AY38+BA38+BC38+BE38+BG38>0,"DATA","N/A") -> N/A | GE38: N/A | GF38: =IF(BM38+BO38+BQ38+BS38+BY38+CA38+CC38+CE38+CG38+CI38<0,"DATA","N/A") -> N/A
B39: 4 | C39: PH0100000000 | D39: PH0102900000 | E39: PH0102903000 | F39: Region I (Ilocos Region) | G39: Ilocos Sur | H39: Bantay | I39: 37088 | J39: 0 | K39: 0 | L39: 0 | M39: 0 | N39: 0 | O39: 0 | P39: 0 | Q39: 0 | R39: 0 | S39: 0 | T39: 0 | U39: 0 | V39: 0 | W39: 0 | X39: 0 | Y39: 0 | Z39: 0 | AA39: 0 | AB39: 0 | AC39: 0 | AD39: 0 | AE39: 0 | AF39: 0 | AG39: 0 | AH39: 0 | AI39: 0 | AJ39: 0 | AK39: 0 | AL39: 0 | AM39: 0 | AN39: 0 | AO39: 0 | AP39: 0 | AQ39: 0 | AR39: 0 | AS39: 0 | AT39: 0 | AU39: 0 | AV39: 0 | AW39: 0 | AX39: 0 | AY39: 0 | AZ39: 0 | BA39: 0 | BB39: 0 | BC39: 0 | BD39: 0 | BE39: 0 | BF39: 0 | BG39: 0 | BH39: 0 | BI39: 0 | BJ39: 0 | BK39: 0 | BL39: 0 | BM39: 0 | BN39: 0 | BO39: 0 | BP39: 0 | BQ39: 0 | BR39: 0 | BS39: 0 | BT39: 0 | BU39: 0 | BV39: 0 | BW39: 0 | BX39: 0 | BY39: 0 | BZ39: 0 | CA39: 0 | CB39: 0 | CC39: 0 | CD39: 0 | CE39: 0 | CF39: 0 | CG39: 0 | CH39: 0 | CI39: 0 | CJ39: 0 | CK39: 0 | CL39: 0 | CM39: 0 | CN39: 0 | CO39: 0 | CP39: 0 | CQ39: 0 | CR39: 0 | CS39: 0 | CT39: 0 | CU39: 0 | CV39: 0 | CW39: 0 | CX39: 0 | CY39: 0 | CZ39: 0 | DA39: 0 | DB39: 0 | DC39: 0 | DD39: 0 | DE39: 0 | DF39: 0 | DG39: 0 | DH39: 0 | DI39: 0 | DJ39: 0 | DK39: 0 | DL39: 0 | DM39: 0 | DN39: 0 | DO39: 0 | DP39: 0 | DQ39: 0 | DR39: 0 | DS39: 0 | DT39: 0 | DU39: 0 | DV39: 0 | DW39: 0 | DX39: 0 | DY39: 0 | DZ39: 0 | EA39: 0 | EB39: 0 | EC39: 0 | ED39: 0 | EE39: 0 | EF39: 0 | EG39: 0 | EH39: 0 | EI39: 0 | EJ39: 0 | EK39: 0 | EL39: 0 | EM39: 0 | EN39: 0 | EO39: 0 | EP39: 0 | EQ39: 0 | ER39: 0 | ES39: 0 | ET39: 0 | EU39: 0 | EV39: 0 | EW39: 0 | EX39: 0 | EY39: 0 | EZ39: 0 | FA39: 0 | FB39: 0 | FC39: 0 | FD39: 0 | FE39: 0 | FF39: 0 | FG39: 0 | FH39: 0 | FI39: 0 | FJ39: 0 | FK39: 0 | FL39: 0 | FM39: 0 | FN39: 0 | FO39: 0 | FP39: 0 | FQ39: 0 | FR39: 0 | FS39: 0 | FT39: 0 | FU39: 0 | FV39: 0 | FW39: 0 | FX39: 0 | FY39: 0 | FZ39: 0 | GA39: 0 | GB39: 0 | GC39: 0 | GD39: =IF(AG39+AI39+AK39+A39+AM39+AO39+AQ39+AS39+AU39+AW39+AY39+BA39+BC39+BE39+BG39>0,"DATA","N/A") -> N/A | GE39: N/A | GF39: =IF(BM39+BO39+BQ39+BS39+BY39+CA39+CC39+CE39+CG39+CI39<0,"DATA","N/A") -> N/A
B40: 4 | C40: PH0100000000 | D40: PH0102900000 | E40: PH0102904000 | F40: Region I (Ilocos Region) | G40: Ilocos Sur | H40: Burgos | I40: 13026 | J40: 0 | K40: 0 | L40: 0 | M40: 0 | N40: 0 | O40: 0 | P40: 0 | Q40: 0 | R40: 0 | S40: 0 | T40: 0 | U40: 0 | V40: 0 | W40: 0 | X40: 0 | Y40: 0 | Z40: 0 | AA40: 0 | AB40: 0 | AC40: 0 | AD40: 0 | AE40: 0 | AF40: 0 | AG40: 0 | AH40: 0 | AI40: 0 | AJ40: 0 | AK40: 0 | AL40: 0 | AM40: 0 | AN40: 0 | AO40: 0 | AP40: 0 | AQ40: 0 | AR40: 0 | AS40: 0 | AT40: 0 | AU40: 0 | AV40: 0 | AW40: 0 | AX40: 0 | AY40: 0 | AZ40: 0 | BA40: 0 | BB40: 0 | BC40: 0 | BD40: 0 | BE40: 0 | BF40: 0 | BG40: 0 | BH40: 0 | BI40: 0 | BJ40: 0 | BK40: 0 | BL40: 0 | BM40: 0 | BN40: 0 | BO40: 0 | BP40: 0 | BQ40: 0 | BR40: 0 | BS40: 0 | BT40: 0 | BU40: 0 | BV40: 0 | BW40: 0 | BX40: 0 | BY40: 0 | BZ40: 0 | CA40: 0 | CB40: 0 | CC40: 0 | CD40: 0 | CE40: 0 | CF40: 0 | CG40: 0 | CH40: 0 | CI40: 0 | CJ40: 0 | CK40: 0 | CL40: 0 | CM40: 0 | CN40: 0 | CO40: 0 | CP40: 0 | CQ40: 0 | CR40: 0 | CS40: 0 | CT40: 0 | CU40: 0 | CV40: 0 | CW40: 0 | CX40: 0 | CY40: 0 | CZ40: 0 | DA40: 0 | DB40: 0 | DC40: 0 | DD40: 0 | DE40: 0 | DF40: 0 | DG40: 0 | DH40: 0 | DI40: 0 | DJ40: 0 | DK40: 0 | DL40: 0 | DM40: 0 | DN40: 0 | DO40: 0 | DP40: 0 | DQ40: 0 | DR40: 0 | DS40: 0 | DT40: 0 | DU40: 0 | DV40: 0 | DW40: 0 | DX40: 0 | DY40: 0 | DZ40: 0 | EA40: 0 | EB40: 0 | EC40: 0 | ED40: 0 | EE40: 0 | EF40: 0 | EG40: 0 | EH40: 0 | EI40: 0 | EJ40: 0 | EK40: 0 | EL40: 0 | EM40: 0 | EN40: 0 | EO40: 0 | EP40: 0 | EQ40: 0 | ER40: 0 | ES40: 0 | ET40: 0 | EU40: 0 | EV40: 0 | EW40: 0 | EX40: 0 | EY40: 0 | EZ40: 0 | FA40: 0 | FB40: 0 | FC40: 0 | FD40: 0 | FE40: 0 | FF40: 0 | FG40: 0 | FH40: 0 | FI40: 0 | FJ40: 0 | FK40: 0 | FL40: 0 | FM40: 0 | FN40: 0 | FO40: 0 | FP40: 0 | FQ40: 0 | FR40: 0 | FS40: 0 | FT40: 0 | FU40: 0 | FV40: 0 | FW40: 0 | FX40: 0 | FY40: 0 | FZ40: 0 | GA40: 0 | GB40: 0 | GC40: 0 | GD40: =IF(AG40+AI40+AK40+A40+AM40+AO40+AQ40+AS40+AU40+AW40+AY40+BA40+BC40+BE40+BG40>0,"DATA","N/A") -> N/A | GE40: N/A | GF40: =IF(BM40+BO40+BQ40+BS40+BY40+CA40+CC40+CE40+CG40+CI40<0,"DATA","N/A") -> N/A
B41: 4 | C41: PH0100000000 | D41: PH0102900000 | E41: PH0102905000 | F41: Region I (Ilocos Region) | G41: Ilocos Sur | H41: Cabugao | I41: 38981 | J41: 0 | K41: 0 | L41: 0 | M41: 0 | N41: 0 | O41: 0 | P41: 0 | Q41: 0 | R41: 0 | S41: 0 | T41: 0 | U41: 0 | V41: 0 | W41: 0 | X41: 0 | Y41: 0 | Z41: 0 | AA41: 0 | AB41: 0 | AC41: 0 | AD41: 0 | AE41: 0 | AF41: 0 | AG41: 0 | AH41: 0 | AI41: 0 | AJ41: 0 | AK41: 0 | AL41: 0 | AM41: 0 | AN41: 0 | AO41: 0 | AP41: 0 | AQ41: 0 | AR41: 0 | AS41: 0 | AT41: 0 | AU41: 0 | AV41: 0 | AW41: 0 | AX41: 0 | AY41: 0 | AZ41: 0 | BA41: 0 | BB41: 0 | BC41: 0 | BD41: 0 | BE41: 0 | BF41: 0 | BG41: 0 | BH41: 0 | BI41: 0 | BJ41: 0 | BK41: 0 | BL41: 0 | BM41: 0 | BN41: 0 | BO41: 0 | BP41: 0 | BQ41: 0 | BR41: 0 | BS41: 0 | BT41: 0 | BU41: 0 | BV41: 0 | BW41: 0 | BX41: 0 | BY41: 0 | BZ41: 0 | CA41: 0 | CB41: 0 | CC41: 0 | CD41: 0 | CE41: 0 | CF41: 0 | CG41: 0 | CH41: 0 | CI41: 0 | CJ41: 0 | CK41: 0 | CL41: 0 | CM41: 0 | CN41: 0 | CO41: 0 | CP41: 0 | CQ41: 0 | CR41: 0 | CS41: 0 | CT41: 0 | CU41: 0 | CV41: 0 | CW41: 0 | CX41: 0 | CY41: 0 | CZ41: 0 | DA41: 0 | DB41: 0 | DC41: 0 | DD41: 0 | DE41: 0 | DF41: 0 | DG41: 0 | DH41: 0 | DI41: 0 | DJ41: 0 | DK41: 0 | DL41: 0 | DM41: 0 | DN41: 0 | DO41: 0 | DP41: 0 | DQ41: 0 | DR41: 0 | DS41: 0 | DT41: 0 | DU41: 0 | DV41: 0 | DW41: 0 | DX41: 0 | DY41: 0 | DZ41: 0 | EA41: 0 | EB41: 0 | EC41: 0 | ED41: 0 | EE41: 0 | EF41: 0 | EG41: 0 | EH41: 0 | EI41: 0 | EJ41: 0 | EK41: 0 | EL41: 0 | EM41: 0 | EN41: 0 | EO41: 0 | EP41: 0 | EQ41: 0 | ER41: 0 | ES41: 0 | ET41: 0 | EU41: 0 | EV41: 0 | EW41: 0 | EX41: 0 | EY41: 0 | EZ41: 0 | FA41: 0 | FB41: 0 | FC41: 0 | FD41: 0 | FE41: 0 | FF41: 0 | FG41: 0 | FH41: 0 | FI41: 0 | FJ41: 0 | FK41: 0 | FL41: 0 | FM41: 0 | FN41: 0 | FO41: 0 | FP41: 0 | FQ41: 0 | FR41: 0 | FS41: 0 | FT41: 0 | FU41: 0 | FV41: 0 | FW41: 0 | FX41: 0 | FY41: 0 | FZ41: 0 | GA41: 0 | GB41: 0 | GC41: 0 | GD41: =IF(AG41+AI41+AK41+A41+AM41+AO41+AQ41+AS41+AU41+AW41+AY41+BA41+BC41+BE41+BG41>0,"DATA","N/A") -> N/A | GE41: N/A | GF41: =IF(BM41+BO41+BQ41+BS41+BY41+CA41+CC41+CE41+CG41+CI41<0,"DATA","N/A") -> N/A
B42: 4 | C42: PH0100000000 | D42: PH0102900000 | E42: PH0102906000 | F42: Region I (Ilocos Region) | G42: Ilocos Sur | H42: City of Candon | I42: 61315 | J42: 0 | K42: 0 | L42: 0 | M42: 0 | N42: 0 | O42: 0 | P42: 0 | Q42: 0 | R42: 0 | S42: 0 | T42: 0 | U42: 0 | V42: 0 | W42: 0 | X42: 0 | Y42: 0 | Z42: 0 | AA42: 0 | AB42: 0 | AC42: 0 | AD42: 0 | AE42: 0 | AF42: 0 | AG42: 0 | AH42: 0 | AI42: 0 | AJ42: 0 | AK42: 0 | AL42: 0 | AM42: 0 | AN42: 0 | AO42: 0 | AP42: 0 | AQ42: 0 | AR42: 0 | AS42: 0 | AT42: 0 | AU42: 0 | AV42: 0 | AW42: 0 | AX42: 0 | AY42: 0 | AZ42: 0 | BA42: 0 | BB42: 0 | BC42: 0 | BD42: 0 | BE42: 0 | BF42: 0 | BG42: 0 | BH42: 0 | BI42: 0 | BJ42: 0 | BK42: 0 | BL42: 0 | BM42: 0 | BN42: 0 | BO42: 0 | BP42: 0 | BQ42: 0 | BR42: 0 | BS42: 0 | BT42: 0 | BU42: 0 | BV42: 0 | BW42: 0 | BX42: 0 | BY42: 0 | BZ42: 0 | CA42: 0 | CB42: 0 | CC42: 0 | CD42: 0 | CE42: 0 | CF42: 0 | CG42: 0 | CH42: 0 | CI42: 0 | CJ42: 0 | CK42: 0 | CL42: 0 | CM42: 0 | CN42: 0 | CO42: 0 | CP42: 0 | CQ42: 0 | CR42: 0 | CS42: 0 | CT42: 0 | CU42: 0 | CV42: 0 | CW42: 0 | CX42: 0 | CY42: 0 | CZ42: 0 | DA42: 0 | DB42: 0 | DC42: 0 | DD42: 0 | DE42: 0 | DF42: 0 | DG42: 0 | DH42: 0 | DI42: 0 | DJ42: 0 | DK42: 0 | DL42: 0 | DM42: 0 | DN42: 0 | DO42: 0 | DP42: 0 | DQ42: 0 | DR42: 0 | DS42: 0 | DT42: 0 | DU42: 0 | DV42: 0 | DW42: 0 | DX42: 0 | DY42: 0 | DZ42: 0 | EA42: 0 | EB42: 0 | EC42: 0 | ED42: 0 | EE42: 0 | EF42: 0 | EG42: 0 | EH42: 0 | EI42: 0 | EJ42: 0 | EK42: 0 | EL42: 0 | EM42: 0 | EN42: 0 | EO42: 0 | EP42: 0 | EQ42: 0 | ER42: 0 | ES42: 0 | ET42: 0 | EU42: 0 | EV42: 0 | EW42: 0 | EX42: 0 | EY42: 0 | EZ42: 0 | FA42: 0 | FB42: 0 | FC42: 0 | FD42: 0 | FE42: 0 | FF42: 0 | FG42: 0 | FH42: 0 | FI42: 0 | FJ42: 0 | FK42: 0 | FL42: 0 | FM42: 0 | FN42: 0 | FO42: 0 | FP42: 0 | FQ42: 0 | FR42: 0 | FS42: 0 | FT42: 0 | FU42: 0 | FV42: 0 | FW42: 0 | FX42: 0 | FY42: 0 | FZ42: 0 | GA42: 0 | GB42: 0 | GC42: 0 | GD42: =IF(AG42+AI42+AK42+A42+AM42+AO42+AQ42+AS42+AU42+AW42+AY42+BA42+BC42+BE42+BG42>0,"DATA","N/A") -> N/A | GE42: N/A | GF42: =IF(BM42+BO42+BQ42+BS42+BY42+CA42+CC42+CE42+CG42+CI42<0,"DATA","N/A") -> N/A
B43: 4 | C43: PH0100000000 | D43: PH0102900000 | E43: PH0102907000 | F43: Region I (Ilocos Region) | G43: Ilocos Sur | H43: Caoayan | I43: 19715 | J43: 0 | K43: 0 | L43: 0 | M43: 0 | N43: 0 | O43: 0 | P43: 0 | Q43: 0 | R43: 0 | S43: 0 | T43: 0 | U43: 0 | V43: 0 | W43: 0 | X43: 0 | Y43: 0 | Z43: 0 | AA43: 0 | AB43: 0 | AC43: 0 | AD43: 0 | AE43: 0 | AF43: 0 | AG43: 0 | AH43: 0 | AI43: 0 | AJ43: 0 | AK43: 0 | AL43: 0 | AM43: 0 | AN43: 0 | AO43: 0 | AP43: 0 | AQ43: 0 | AR43: 0 | AS43: 0 | AT43: 0 | AU43: 0 | AV43: 0 | AW43: 0 | AX43: 0 | AY43: 0 | AZ43: 0 | BA43: 0 | BB43: 0 | BC43: 0 | BD43: 0 | BE43: 0 | BF43: 0 | BG43: 0 | BH43: 0 | BI43: 0 | BJ43: 0 | BK43: 0 | BL43: 0 | BM43: 0 | BN43: 0 | BO43: 0 | BP43: 0 | BQ43: 0 | BR43: 0 | BS43: 0 | BT43: 0 | BU43: 0 | BV43: 0 | BW43: 0 | BX43: 0 | BY43: 0 | BZ43: 0 | CA43: 0 | CB43: 0 | CC43: 0 | CD43: 0 | CE43: 0 | CF43: 0 | CG43: 0 | CH43: 0 | CI43: 0 | CJ43: 0 | CK43: 0 | CL43: 0 | CM43: 0 | CN43: 0 | CO43: 0 | CP43: 0 | CQ43: 0 | CR43: 0 | CS43: 0 | CT43: 0 | CU43: 0 | CV43: 0 | CW43: 0 | CX43: 0 | CY43: 0 | CZ43: 0 | DA43: 0 | DB43: 0 | DC43: 0 | DD43: 0 | DE43: 0 | DF43: 0 | DG43: 0 | DH43: 0 | DI43: 0 | DJ43: 0 | DK43: 0 | DL43: 0 | DM43: 0 | DN43: 0 | DO43: 0 | DP43: 0 | DQ43: 0 | DR43: 0 | DS43: 0 | DT43: 0 | DU43: 0 | DV43: 0 | DW43: 0 | DX43: 0 | DY43: 0 | DZ43: 0 | EA43: 0 | EB43: 0 | EC43: 0 | ED43: 0 | EE43: 0 | EF43: 0 | EG43: 0 | EH43: 0 | EI43: 0 | EJ43: 0 | EK43: 0 | EL43: 0 | EM43: 0 | EN43: 0 | EO43: 0 | EP43: 0 | EQ43: 0 | ER43: 0 | ES43: 0 | ET43: 0 | EU43: 0 | EV43: 0 | EW43: 0 | EX43: 0 | EY43: 0 | EZ43: 0 | FA43: 0 | FB43: 0 | FC43: 0 | FD43: 0 | FE43: 0 | FF43: 0 | FG43: 0 | FH43: 0 | FI43: 0 | FJ43: 0 | FK43: 0 | FL43: 0 | FM43: 0 | FN43: 0 | FO43: 0 | FP43: 0 | FQ43: 0 | FR43: 0 | FS43: 0 | FT43: 0 | FU43: 0 | FV43: 0 | FW43: 0 | FX43: 0 | FY43: 0 | FZ43: 0 | GA43: 0 | GB43: 0 | GC43: 0 | GD43: =IF(AG43+AI43+AK43+A43+AM43+AO43+AQ43+AS43+AU43+AW43+AY43+BA43+BC43+BE43+BG43>0,"DATA","N/A") -> N/A | GE43: N/A | GF43: =IF(BM43+BO43+BQ43+BS43+BY43+CA43+CC43+CE43+CG43+CI43<0,"DATA","N/A") -> N/A
B44: 4 | C44: PH0100000000 | D44: PH0102900000 | E44: PH0102908000 | F44: Region I (Ilocos Region) | G44: Ilocos Sur | H44: Cervantes | I44: 20065 | J44: 0 | K44: 0 | L44: 0 | M44: 0 | N44: 0 | O44: 0 | P44: 0 | Q44: 0 | R44: 0 | S44: 0 | T44: 0 | U44: 0 | V44: 0 | W44: 0 | X44: 0 | Y44: 0 | Z44: 0 | AA44: 0 | AB44: 0 | AC44: 0 | AD44: 0 | AE44: 0 | AF44: 0 | AG44: 0 | AH44: 0 | AI44: 0 | AJ44: 0 | AK44: 0 | AL44: 0 | AM44: 0 | AN44: 0 | AO44: 0 | AP44: 0 | AQ44: 0 | AR44: 0 | AS44: 0 | AT44: 0 | AU44: 0 | AV44: 0 | AW44: 0 | AX44: 0 | AY44: 0 | AZ44: 0 | BA44: 0 | BB44: 0 | BC44: 0 | BD44: 0 | BE44: 0 | BF44: 0 | BG44: 0 | BH44: 0 | BI44: 0 | BJ44: 0 | BK44: 0 | BL44: 0 | BM44: 0 | BN44: 0 | BO44: 0 | BP44: 0 | BQ44: 0 | BR44: 0 | BS44: 0 | BT44: 0 | BU44: 0 | BV44: 0 | BW44: 0 | BX44: 0 | BY44: 0 | BZ44: 0 | CA44: 0 | CB44: 0 | CC44: 0 | CD44: 0 | CE44: 0 | CF44: 0 | CG44: 0 | CH44: 0 | CI44: 0 | CJ44: 0 | CK44: 0 | CL44: 0 | CM44: 0 | CN44: 0 | CO44: 0 | CP44: 0 | CQ44: 0 | CR44: 0 | CS44: 0 | CT44: 0 | CU44: 0 | CV44: 0 | CW44: 0 | CX44: 0 | CY44: 0 | CZ44: 0 | DA44: 0 | DB44: 0 | DC44: 0 | DD44: 0 | DE44: 0 | DF44: 0 | DG44: 0 | DH44: 0 | DI44: 0 | DJ44: 0 | DK44: 0 | DL44: 0 | DM44: 0 | DN44: 0 | DO44: 0 | DP44: 0 | DQ44: 0 | DR44: 0 | DS44: 0 | DT44: 0 | DU44: 0 | DV44: 0 | DW44: 0 | DX44: 0 | DY44: 0 | DZ44: 0 | EA44: 0 | EB44: 0 | EC44: 0 | ED44: 0 | EE44: 0 | EF44: 0 | EG44: 0 | EH44: 0 | EI44: 0 | EJ44: 0 | EK44: 0 | EL44: 0 | EM44: 0 | EN44: 0 | EO44: 0 | EP44: 0 | EQ44: 0 | ER44: 0 | ES44: 0 | ET44: 0 | EU44: 0 | EV44: 0 | EW44: 0 | EX44: 0 | EY44: 0 | EZ44: 0 | FA44: 0 | FB44: 0 | FC44: 0 | FD44: 0 | FE44: 0 | FF44: 0 | FG44: 0 | FH44: 0 | FI44: 0 | FJ44: 0 | FK44: 0 | FL44: 0 | FM44: 0 | FN44: 0 | FO44: 0 | FP44: 0 | FQ44: 0 | FR44: 0 | FS44: 0 | FT44: 0 | FU44: 0 | FV44: 0 | FW44: 0 | FX44: 0 | FY44: 0 | FZ44: 0 | GA44: 0 | GB44: 0 | GC44: 0 | GD44: =IF(AG44+AI44+AK44+A44+AM44+AO44+AQ44+AS44+AU44+AW44+AY44+BA44+BC44+BE44+BG44>0,"DATA","N/A") -> N/A | GE44: N/A | GF44: =IF(BM44+BO44+BQ44+BS44+BY44+CA44+CC44+CE44+CG44+CI44<0,"DATA","N/A") -> N/A
B45: 4 | C45: PH0100000000 | D45: PH0102900000 | E45: PH0102909000 | F45: Region I (Ilocos Region) | G45: Ilocos Sur | H45: Galimuyod | I45: 10263 | J45: 0 | K45: 0 | L45: 0 | M45: 0 | N45: 0 | O45: 0 | P45: 0 | Q45: 0 | R45: 0 | S45: 0 | T45: 0 | U45: 0 | V45: 0 | W45: 0 | X45: 0 | Y45: 0 | Z45: 0 | AA45: 0 | AB45: 0 | AC45: 0 | AD45: 0 | AE45: 0 | AF45: 0 | AG45: 0 | AH45: 0 | AI45: 0 | AJ45: 0 | AK45: 0 | AL45: 0 | AM45: 0 | AN45: 0 | AO45: 0 | AP45: 0 | AQ45: 0 | AR45: 0 | AS45: 0 | AT45: 0 | AU45: 0 | AV45: 0 | AW45: 0 | AX45: 0 | AY45: 0 | AZ45: 0 | BA45: 0 | BB45: 0 | BC45: 0 | BD45: 0 | BE45: 0 | BF45: 0 | BG45: 0 | BH45: 0 | BI45: 0 | BJ45: 0 | BK45: 0 | BL45: 0 | BM45: 0 | BN45: 0 | BO45: 0 | BP45: 0 | BQ45: 0 | BR45: 0 | BS45: 0 | BT45: 0 | BU45: 0 | BV45: 0 | BW45: 0 | BX45: 0 | BY45: 0 | BZ45: 0 | CA45: 0 | CB45: 0 | CC45: 0 | CD45: 0 | CE45: 0 | CF45: 0 | CG45: 0 | CH45: 0 | CI45: 0 | CJ45: 0 | CK45: 0 | CL45: 0 | CM45: 0 | CN45: 0 | CO45: 0 | CP45: 0 | CQ45: 0 | CR45: 0 | CS45: 0 | CT45: 0 | CU45: 0 | CV45: 0 | CW45: 0 | CX45: 0 | CY45: 0 | CZ45: 0 | DA45: 0 | DB45: 0 | DC45: 0 | DD45: 0 | DE45: 0 | DF45: 0 | DG45: 0 | DH45: 0 | DI45: 0 | DJ45: 0 | DK45: 0 | DL45: 0 | DM45: 0 | DN45: 0 | DO45: 0 | DP45: 0 | DQ45: 0 | DR45: 0 | DS45: 0 | DT45: 0 | DU45: 0 | DV45: 0 | DW45: 0 | DX45: 0 | DY45: 0 | DZ45: 0 | EA45: 0 | EB45: 0 | EC45: 0 | ED45: 0 | EE45: 0 | EF45: 0 | EG45: 0 | EH45: 0 | EI45: 0 | EJ45: 0 | EK45: 0 | EL45: 0 | EM45: 0 | EN45: 0 | EO45: 0 | EP45: 0 | EQ45: 0 | ER45: 0 | ES45: 0 | ET45: 0 | EU45: 0 | EV45: 0 | EW45: 0 | EX45: 0 | EY45: 0 | EZ45: 0 | FA45: 0 | FB45: 0 | FC45: 0 | FD45: 0 | FE45: 0 | FF45: 0 | FG45: 0 | FH45: 0 | FI45: 0 | FJ45: 0 | FK45: 0 | FL45: 0 | FM45: 0 | FN45: 0 | FO45: 0 | FP45: 0 | FQ45: 0 | FR45: 0 | FS45: 0 | FT45: 0 | FU45: 0 | FV45: 0 | FW45: 0 | FX45: 0 | FY45: 0 | FZ45: 0 | GA45: 0 | GB45: 0 | GC45: 0 | GD45: =IF(AG45+AI45+AK45+A45+AM45+AO45+AQ45+AS45+AU45+AW45+AY45+BA45+BC45+BE45+BG45>0,"DATA","N/A") -> N/A | GE45: N/A | GF45: =IF(BM45+BO45+BQ45+BS45+BY45+CA45+CC45+CE45+CG45+CI45<0,"DATA","N/A") -> N/A
B46: 4 | C46: PH0100000000 | D46: PH0102900000 | E46: PH0102910000 | F46: Region I (Ilocos Region) | G46: Ilocos Sur | H46: Gregorio del Pilar | I46: 4385 | J46: 0 | K46: 0 | L46: 0 | M46: 0 | N46: 0 | O46: 0 | P46: 0 | Q46: 0 | R46: 0 | S46: 0 | T46: 0 | U46: 0 | V46: 0 | W46: 0 | X46: 0 | Y46: 0 | Z46: 0 | AA46: 0 | AB46: 0 | AC46: 0 | AD46: 0 | AE46: 0 | AF46: 0 | AG46: 0 | AH46: 0 | AI46: 0 | AJ46: 0 | AK46: 0 | AL46: 0 | AM46: 0 | AN46: 0 | AO46: 0 | AP46: 0 | AQ46: 0 | AR46: 0 | AS46: 0 | AT46: 0 | AU46: 0 | AV46: 0 | AW46: 0 | AX46: 0 | AY46: 0 | AZ46: 0 | BA46: 0 | BB46: 0 | BC46: 0 | BD46: 0 | BE46: 0 | BF46: 0 | BG46: 0 | BH46: 0 | BI46: 0 | BJ46: 0 | BK46: 0 | BL46: 0 | BM46: 0 | BN46: 0 | BO46: 0 | BP46: 0 | BQ46: 0 | BR46: 0 | BS46: 0 | BT46: 0 | BU46: 0 | BV46: 0 | BW46: 0 | BX46: 0 | BY46: 0 | BZ46: 0 | CA46: 0 | CB46: 0 | CC46: 0 | CD46: 0 | CE46: 0 | CF46: 0 | CG46: 0 | CH46: 0 | CI46: 0 | CJ46: 0 | CK46: 0 | CL46: 0 | CM46: 0 | CN46: 0 | CO46: 0 | CP46: 0 | CQ46: 0 | CR46: 0 | CS46: 0 | CT46: 0 | CU46: 0 | CV46: 0 | CW46: 0 | CX46: 0 | CY46: 0 | CZ46: 0 | DA46: 0 | DB46: 0 | DC46: 0 | DD46: 0 | DE46: 0 | DF46: 0 | DG46: 0 | DH46: 0 | DI46: 0 | DJ46: 0 | DK46: 0 | DL46: 0 | DM46: 0 | DN46: 0 | DO46: 0 | DP46: 0 | DQ46: 0 | DR46: 0 | DS46: 0 | DT46: 0 | DU46: 0 | DV46: 0 | DW46: 0 | DX46: 0 | DY46: 0 | DZ46: 0 | EA46: 0 | EB46: 0 | EC46: 0 | ED46: 0 | EE46: 0 | EF46: 0 | EG46: 0 | EH46: 0 | EI46: 0 | EJ46: 0 | EK46: 0 | EL46: 0 | EM46: 0 | EN46: 0 | EO46: 0 | EP46: 0 | EQ46: 0 | ER46: 0 | ES46: 0 | ET46: 0 | EU46: 0 | EV46: 0 | EW46: 0 | EX46: 0 | EY46: 0 | EZ46: 0 | FA46: 0 | FB46: 0 | FC46: 0 | FD46: 0 | FE46: 0 | FF46: 0 | FG46: 0 | FH46: 0 | FI46: 0 | FJ46: 0 | FK46: 0 | FL46: 0 | FM46: 0 | FN46: 0 | FO46: 0 | FP46: 0 | FQ46: 0 | FR46: 0 | FS46: 0 | FT46: 0 | FU46: 0 | FV46: 0 | FW46: 0 | FX46: 0 | FY46: 0 | FZ46: 0 | GA46: 0 | GB46: 0 | GC46: 0 | GD46: =IF(AG46+AI46+AK46+A46+AM46+AO46+AQ46+AS46+AU46+AW46+AY46+BA46+BC46+BE46+BG46>0,"DATA","N/A") -> N/A | GE46: N/A | GF46: =IF(BM46+BO46+BQ46+BS46+BY46+CA46+CC46+CE46+CG46+CI46<0,"DATA","N/A") -> N/A
B47: 4 | C47: PH0100000000 | D47: PH0102900000 | E47: PH0102911000 | F47: Region I (Ilocos Region) | G47: Ilocos Sur | H47: Lidlidda | I47: 4846 | J47: 0 | K47: 0 | L47: 0 | M47: 0 | N47: 0 | O47: 0 | P47: 0 | Q47: 0 | R47: 0 | S47: 0 | T47: 0 | U47: 0 | V47: 0 | W47: 0 | X47: 0 | Y47: 0 | Z47: 0 | AA47: 0 | AB47: 0 | AC47: 0 | AD47: 0 | AE47: 0 | AF47: 0 | AG47: 0 | AH47: 0 | AI47: 0 | AJ47: 0 | AK47: 0 | AL47: 0 | AM47: 0 | AN47: 0 | AO47: 0 | AP47: 0 | AQ47: 0 | AR47: 0 | AS47: 0 | AT47: 0 | AU47: 0 | AV47: 0 | AW47: 0 | AX47: 0 | AY47: 0 | AZ47: 0 | BA47: 0 | BB47: 0 | BC47: 0 | BD47: 0 | BE47: 0 | BF47: 0 | BG47: 0 | BH47: 0 | BI47: 0 | BJ47: 0 | BK47: 0 | BL47: 0 | BM47: 0 | BN47: 0 | BO47: 0 | BP47: 0 | BQ47: 0 | BR47: 0 | BS47: 0 | BT47: 0 | BU47: 0 | BV47: 0 | BW47: 0 | BX47: 0 | BY47: 0 | BZ47: 0 | CA47: 0 | CB47: 0 | CC47: 0 | CD47: 0 | CE47: 0 | CF47: 0 | CG47: 0 | CH47: 0 | CI47: 0 | CJ47: 0 | CK47: 0 | CL47: 0 | CM47: 0 | CN47: 0 | CO47: 0 | CP47: 0 | CQ47: 0 | CR47: 0 | CS47: 0 | CT47: 0 | CU47: 0 | CV47: 0 | CW47: 0 | CX47: 0 | CY47: 0 | CZ47: 0 | DA47: 0 | DB47: 0 | DC47: 0 | DD47: 0 | DE47: 0 | DF47: 0 | DG47: 0 | DH47: 0 | DI47: 0 | DJ47: 0 | DK47: 0 | DL47: 0 | DM47: 0 | DN47: 0 | DO47: 0 | DP47: 0 | DQ47: 0 | DR47: 0 | DS47: 0 | DT47: 0 | DU47: 0 | DV47: 0 | DW47: 0 | DX47: 0 | DY47: 0 | DZ47: 0 | EA47: 0 | EB47: 0 | EC47: 0 | ED47: 0 | EE47: 0 | EF47: 0 | EG47: 0 | EH47: 0 | EI47: 0 | EJ47: 0 | EK47: 0 | EL47: 0 | EM47: 0 | EN47: 0 | EO47: 0 | EP47: 0 | EQ47: 0 | ER47: 0 | ES47: 0 | ET47: 0 | EU47: 0 | EV47: 0 | EW47: 0 | EX47: 0 | EY47: 0 | EZ47: 0 | FA47: 0 | FB47: 0 | FC47: 0 | FD47: 0 | FE47: 0 | FF47: 0 | FG47: 0 | FH47: 0 | FI47: 0 | FJ47: 0 | FK47: 0 | FL47: 0 | FM47: 0 | FN47: 0 | FO47: 0 | FP47: 0 | FQ47: 0 | FR47: 0 | FS47: 0 | FT47: 0 | FU47: 0 | FV47: 0 | FW47: 0 | FX47: 0 | FY47: 0 | FZ47: 0 | GA47: 0 | GB47: 0 | GC47: 0 | GD47: =IF(AG47+AI47+AK47+A47+AM47+AO47+AQ47+AS47+AU47+AW47+AY47+BA47+BC47+BE47+BG47>0,"DATA","N/A") -> N/A | GE47: N/A | GF47: =IF(BM47+BO47+BQ47+BS47+BY47+CA47+CC47+CE47+CG47+CI47<0,"DATA","N/A") -> N/A
B48: 4 | C48: PH0100000000 | D48: PH0102900000 | E48: PH0102912000 | F48: Region I (Ilocos Region) | G48: Ilocos Sur | H48: Magsingal | I48: 31970 | J48: 0 | K48: 0 | L48: 0 | M48: 0 | N48: 0 | O48: 0 | P48: 0 | Q48: 0 | R48: 0 | S48: 0 | T48: 0 | U48: 0 | V48: 0 | W48: 0 | X48: 0 | Y48: 0 | Z48: 0 | AA48: 0 | AB48: 0 | AC48: 0 | AD48: 0 | AE48: 0 | AF48: 0 | AG48: 0 | AH48: 0 | AI48: 0 | AJ48: 0 | AK48: 0 | AL48: 0 | AM48: 0 | AN48: 0 | AO48: 0 | AP48: 0 | AQ48: 0 | AR48: 0 | AS48: 0 | AT48: 0 | AU48: 0 | AV48: 0 | AW48: 0 | AX48: 0 | AY48: 0 | AZ48: 0 | BA48: 0 | BB48: 0 | BC48: 0 | BD48: 0 | BE48: 0 | BF48: 0 | BG48: 0 | BH48: 0 | BI48: 0 | BJ48: 0 | BK48: 0 | BL48: 0 | BM48: 0 | BN48: 0 | BO48: 0 | BP48: 0 | BQ48: 0 | BR48: 0 | BS48: 0 | BT48: 0 | BU48: 0 | BV48: 0 | BW48: 0 | BX48: 0 | BY48: 0 | BZ48: 0 | CA48: 0 | CB48: 0 | CC48: 0 | CD48: 0 | CE48: 0 | CF48: 0 | CG48: 0 | CH48: 0 | CI48: 0 | CJ48: 0 | CK48: 0 | CL48: 0 | CM48: 0 | CN48: 0 | CO48: 0 | CP48: 0 | CQ48: 0 | CR48: 0 | CS48: 0 | CT48: 0 | CU48: 0 | CV48: 0 | CW48: 0 | CX48: 0 | CY48: 0 | CZ48: 0 | DA48: 0 | DB48: 0 | DC48: 0 | DD48: 0 | DE48: 0 | DF48: 0 | DG48: 0 | DH48: 0 | DI48: 0 | DJ48: 0 | DK48: 0 | DL48: 0 | DM48: 0 | DN48: 0 | DO48: 0 | DP48: 0 | DQ48: 0 | DR48: 0 | DS48: 0 | DT48: 0 | DU48: 0 | DV48: 0 | DW48: 0 | DX48: 0 | DY48: 0 | DZ48: 0 | EA48: 0 | EB48: 0 | EC48: 0 | ED48: 0 | EE48: 0 | EF48: 0 | EG48: 0 | EH48: 0 | EI48: 0 | EJ48: 0 | EK48: 0 | EL48: 0 | EM48: 0 | EN48: 0 | EO48: 0 | EP48: 0 | EQ48: 0 | ER48: 0 | ES48: 0 | ET48: 0 | EU48: 0 | EV48: 0 | EW48: 0 | EX48: 0 | EY48: 0 | EZ48: 0 | FA48: 0 | FB48: 0 | FC48: 0 | FD48: 0 | FE48: 0 | FF48: 0 | FG48: 0 | FH48: 0 | FI48: 0 | FJ48: 0 | FK48: 0 | FL48: 0 | FM48: 0 | FN48: 0 | FO48: 0 | FP48: 0 | FQ48: 0 | FR48: 0 | FS48: 0 | FT48: 0 | FU48: 0 | FV48: 0 | FW48: 0 | FX48: 0 | FY48: 0 | FZ48: 0 | GA48: 0 | GB48: 0 | GC48: 0 | GD48: =IF(AG48+AI48+AK48+A48+AM48+AO48+AQ48+AS48+AU48+AW48+AY48+BA48+BC48+BE48+BG48>0,"DATA","N/A") -> N/A | GE48: N/A | GF48: =IF(BM48+BO48+BQ48+BS48+BY48+CA48+CC48+CE48+CG48+CI48<0,"DATA","N/A") -> N/A
B49: 4 | C49: PH0100000000 | D49: PH0102900000 | E49: PH0102913000 | F49: Region I (Ilocos Region) | G49: Ilocos Sur | H49: Nagbukel | I49: 5370 | J49: 0 | K49: 0 | L49: 0 | M49: 0 | N49: 0 | O49: 0 | P49: 0 | Q49: 0 | R49: 0 | S49: 0 | T49: 0 | U49: 0 | V49: 0 | W49: 0 | X49: 0 | Y49: 0 | Z49: 0 | AA49: 0 | AB49: 0 | AC49: 0 | AD49: 0 | AE49: 0 | AF49: 0 | AG49: 0 | AH49: 0 | AI49: 0 | AJ49: 0 | AK49: 0 | AL49: 0 | AM49: 0 | AN49: 0 | AO49: 0 | AP49: 0 | AQ49: 0 | AR49: 0 | AS49: 0 | AT49: 0 | AU49: 0 | AV49: 0 | AW49: 0 | AX49: 0 | AY49: 0 | AZ49: 0 | BA49: 0 | BB49: 0 | BC49: 0 | BD49: 0 | BE49: 0 | BF49: 0 | BG49: 0 | BH49: 0 | BI49: 0 | BJ49: 0 | BK49: 0 | BL49: 0 | BM49: 0 | BN49: 0 | BO49: 0 | BP49: 0 | BQ49: 0 | BR49: 0 | BS49: 0 | BT49: 0 | BU49: 0 | BV49: 0 | BW49: 0 | BX49: 0 | BY49: 0 | BZ49: 0 | CA49: 0 | CB49: 0 | CC49: 0 | CD49: 0 | CE49: 0 | CF49: 0 | CG49: 0 | CH49: 0 | CI49: 0 | CJ49: 0 | CK49: 0 | CL49: 0 | CM49: 0 | CN49: 0 | CO49: 0 | CP49: 0 | CQ49: 0 | CR49: 0 | CS49: 0 | CT49: 0 | CU49: 0 | CV49: 0 | CW49: 0 | CX49: 0 | CY49: 0 | CZ49: 0 | DA49: 0 | DB49: 0 | DC49: 0 | DD49: 0 | DE49: 0 | DF49: 0 | DG49: 0 | DH49: 0 | DI49: 0 | DJ49: 0 | DK49: 0 | DL49: 0 | DM49: 0 | DN49: 0 | DO49: 0 | DP49: 0 | DQ49: 0 | DR49: 0 | DS49: 0 | DT49: 0 | DU49: 0 | DV49: 0 | DW49: 0 | DX49: 0 | DY49: 0 | DZ49: 0 | EA49: 0 | EB49: 0 | EC49: 0 | ED49: 0 | EE49: 0 | EF49: 0 | EG49: 0 | EH49: 0 | EI49: 0 | EJ49: 0 | EK49: 0 | EL49: 0 | EM49: 0 | EN49: 0 | EO49: 0 | EP49: 0 | EQ49: 0 | ER49: 0 | ES49: 0 | ET49: 0 | EU49: 0 | EV49: 0 | EW49: 0 | EX49: 0 | EY49: 0 | EZ49: 0 | FA49: 0 | FB49: 0 | FC49: 0 | FD49: 0 | FE49: 0 | FF49: 0 | FG49: 0 | FH49: 0 | FI49: 0 | FJ49: 0 | FK49: 0 | FL49: 0 | FM49: 0 | FN49: 0 | FO49: 0 | FP49: 0 | FQ49: 0 | FR49: 0 | FS49: 0 | FT49: 0 | FU49: 0 | FV49: 0 | FW49: 0 | FX49: 0 | FY49: 0 | FZ49: 0 | GA49: 0 | GB49: 0 | GC49: 0 | GD49: =IF(AG49+AI49+AK49+A49+AM49+AO49+AQ49+AS49+AU49+AW49+AY49+BA49+BC49+BE49+BG49>0,"DATA","N/A") -> N/A | GE49: N/A | GF49: =IF(BM49+BO49+BQ49+BS49+BY49+CA49+CC49+CE49+CG49+CI49<0,"DATA","N/A") -> N/A
... B70: 4 | C70: PH0100000000 | D70: PH0102900000 | E70: PH0102934000 | F70: Region I (Ilocos Region) | G70: Ilocos Sur | H70: City of Vigan | I70: 54498 | J70: 0 | K70: 0 | L70: 0 | M70: 0 | N70: 0 | O70: 0 | P70: 0 | Q70: 0 | R70: 0 | S70: 0 | T70: 0 | U70: 0 | V70: 0 | W70: 0 | X70: 0 | Y70: 0 | Z70: 0 | AA70: 0 | AB70: 0 | AC70: 0 | AD70: 0 | AE70: 0 | AF70: 0 | AG70: 0 | AH70: 0 | AI70: 0 | AJ70: 0 | AK70: 0 | AL70: 0 | AM70: 0 | AN70: 0 | AO70: 0 | AP70: 0 | AQ70: 0 | AR70: 0 | AS70: 0 | AT70: 0 | AU70: 0 | AV70: 0 | AW70: 0 | AX70: 0 | AY70: 0 | AZ70: 0 | BA70: 0 | BB70: 0 | BC70: 0 | BD70: 0 | BE70: 0 | BF70: 0 | BG70: 0 | BH70: 0 | BI70: 0 | BJ70: 0 | BK70: 0 | BL70: 0 | BM70: 0 | BN70: 0 | BO70: 0 | BP70: 0 | BQ70: 0 | BR70: 0 | BS70: 0 | BT70: 0 | BU70: 0 | BV70: 0 | BW70: 0 | BX70: 0 | BY70: 0 | BZ70: 0 | CA70: 0 | CB70: 0 | CC70: 0 | CD70: 0 | CE70: 0 | CF70: 0 | CG70: 0 | CH70: 0 | CI70: 0 | CJ70: 0 | CK70: 0 | CL70: 0 | CM70: 0 | CN70: 0 | CO70: 0 | CP70: 0 | CQ70: 0 | CR70: 0 | CS70: 0 | CT70: 0 | CU70: 0 | CV70: 0 | CW70: 0 | CX70: 0 | CY70: 0 | CZ70: 0 | DA70: 0 | DB70: 0 | DC70: 0 | DD70: 0 | DE70: 0 | DF70: 0 | DG70: 0 | DH70: 0 | DI70: 0 | DJ70: 0 | DK70: 0 | DL70: 0 | DM70: 0 | DN70: 0 | DO70: 0 | DP70: 0 | DQ70: 0 | DR70: 0 | DS70: 0 | DT70: 0 | DU70: 0 | DV70: 0 | DW70: 0 | DX70: 0 | DY70: 0 | DZ70: 0 | EA70: 0 | EB70: 0 | EC70: 0 | ED70: 0 | EE70: 0 | EF70: 0 | EG70: 0 | EH70: 0 | EI70: 0 | EJ70: 0 | EK70: 0 | EL70: 0 | EM70: 0 | EN70: 0 | EO70: 0 | EP70: 0 | EQ70: 0 | ER70: 0 | ES70: 0 | ET70: 0 | EU70: 0 | EV70: 0 | EW70: 0 | EX70: 0 | EY70: 0 | EZ70: 0 | FA70: 0 | FB70: 0 | FC70: 0 | FD70: 0 | FE70: 0 | FF70: 0 | FG70: 0 | FH70: 0 | FI70: 0 | FJ70: 0 | FK70: 0 | FL70: 0 | FM70: 0 | FN70: 0 | FO70: 0 | FP70: 0 | FQ70: 0 | FR70: 0 | FS70: 0 | FT70: 0 | FU70: 0 | FV70: 0 | FW70: 0 | FX70: 0 | FY70: 0 | FZ70: 0 | GA70: 0 | GB70: 0 | GC70: 0 | GD70: =IF(AG70+AI70+AK70+A70+AM70+AO70+AQ70+AS70+AU70+AW70+AY70+BA70+BC70+BE70+BG70>0,"DATA","N/A") -> N/A | GE70: N/A | GF70: =IF(BM70+BO70+BQ70+BS70+BY70+CA70+CC70+CE70+CG70+CI70<0,"DATA","N/A") -> N/A
B71: 3 | C71: PH0100000000 | F71: Region I (Ilocos Region) | H71: La Union | I71: =SUM(I72,I73,I74,I75,I76,I77,I78,I79,I80,I81,I82,I83,I84,I85,I86,I87,I88,I89,I90,I91,I92) -> 825072 | J71: =SUM(J72,J73,J74,J75,J76,J77,J78,J79,J80,J81,J82,J83,J84,J85,J86,J87,J88,J89,J90,J91,J92) -> 0 | K71: =SUM(K72,K73,K74,K75,K76,K77,K78,K79,K80,K81,K82,K83,K84,K85,K86,K87,K88,K89,K90,K91,K92) -> 0 | L71: =SUM(L72,L73,L74,L75,L76,L77,L78,L79,L80,L81,L82,L83,L84,L85,L86,L87,L88,L89,L90,L91,L92) -> 0 | M71: =SUM(M72,M73,M74,M75,M76,M77,M78,M79,M80,M81,M82,M83,M84,M85,M86,M87,M88,M89,M90,M91,M92) -> 0 | N71: =SUM(N72,N73,N74,N75,N76,N77,N78,N79,N80,N81,N82,N83,N84,N85,N86,N87,N88,N89,N90,N91,N92) -> 0 | O71: =SUM(O72,O73,O74,O75,O76,O77,O78,O79,O80,O81,O82,O83,O84,O85,O86,O87,O88,O89,O90,O91,O92) -> 0 | R71: =SUM(R72,R73,R74,R75,R76,R77,R78,R79,R80,R81,R82,R83,R84,R85,R86,R87,R88,R89,R90,R91,R92) -> 0 | S71: =SUM(S72,S73,S74,S75,S76,S77,S78,S79,S80,S81,S82,S83,S84,S85,S86,S87,S88,S89,S90,S91,S92) -> 0 | T71: =SUM(T72,T73,T74,T75,T76,T77,T78,T79,T80,T81,T82,T83,T84,T85,T86,T87,T88,T89,T90,T91,T92) -> 0 | U71: =SUM(U72,U73,U74,U75,U76,U77,U78,U79,U80,U81,U82,U83,U84,U85,U86,U87,U88,U89,U90,U91,U92) -> 0 | V71: =SUM(V72,V73,V74,V75,V76,V77,V78,V79,V80,V81,V82,V83,V84,V85,V86,V87,V88,V89,V90,V91,V92) -> 0 | W71: =SUM(W72,W73,W74,W75,W76,W77,W78,W79,W80,W81,W82,W83,W84,W85,W86,W87,W88,W89,W90,W91,W92) -> 0 | X71: =SUM(X72,X73,X74,X75,X76,X77,X78,X79,X80,X81,X82,X83,X84,X85,X86,X87,X88,X89,X90,X91,X92) -> 0 | Y71: =SUM(Y72,Y73,Y74,Y75,Y76,Y77,Y78,Y79,Y80,Y81,Y82,Y83,Y84,Y85,Y86,Y87,Y88,Y89,Y90,Y91,Y92) -> 0 | ... FK71: =SUM(FK72,FK73,FK74,FK75,FK76,FK77,FK78,FK79,FK80,FK81,FK82,FK83,FK84,FK85,FK86,FK87,FK88,FK89,FK90,FK91,FK92) -> 0 | FM71: =SUM(FM72,FM73,FM74,FM75,FM76,FM77,FM78,FM79,FM80,FM81,FM82,FM83,FM84,FM85,FM86,FM87,FM88,FM89,FM90,FM91,FM92) -> 0 | FN71: =SUM(FN72,FN73,FN74,FN75,FN76,FN77,FN78,FN79,FN80,FN81,FN82,FN83,FN84,FN85,FN86,FN87,FN88,FN89,FN90,FN91,FN92) -> 0 | FP71: =SUM(FP72,FP73,FP74,FP75,FP76,FP77,FP78,FP79,FP80,FP81,FP82,FP83,FP84,FP85,FP86,FP87,FP88,FP89,FP90,FP91,FP92) -> 0 | FQ71: =SUM(FQ72,FQ73,FQ74,FQ75,FQ76,FQ77,FQ78,FQ79,FQ80,FQ81,FQ82,FQ83,FQ84,FQ85,FQ86,FQ87,FQ88,FQ89,FQ90,FQ91,FQ92) -> 0 | FR71: =SUM(FR72,FR73,FR74,FR75,FR76,FR77,FR78,FR79,FR80,FR81,FR82,FR83,FR84,FR85,FR86,FR87,FR88,FR89,FR90,FR91,FR92) -> 0 | FS71: =SUM(FS72,FS73,FS74,FS75,FS76,FS77,FS78,FS79,FS80,FS81,FS82,FS83,FS84,FS85,FS86,FS87,FS88,FS89,FS90,FS91,FS92) -> 0 | FT71: =SUM(FT72,FT73,FT74,FT75,FT76,FT77,FT78,FT79,FT80,FT81,FT82,FT83,FT84,FT85,FT86,FT87,FT88,FT89,FT90,FT91,FT92) -> 0 | FU71: =SUM(FU72,FU73,FU74,FU75,FU76,FU77,FU78,FU79,FU80,FU81,FU82,FU83,FU84,FU85,FU86,FU87,FU88,FU89,FU90,FU91,FU92) -> 0 | FV71: =SUM(FV72,FV73,FV74,FV75,FV76,FV77,FV78,FV79,FV80,FV81,FV82,FV83,FV84,FV85,FV86,FV87,FV88,FV89,FV90,FV91,FV92) -> 0 | FW71: =SUM(FW72,FW73,FW74,FW75,FW76,FW77,FW78,FW79,FW80,FW81,FW82,FW83,FW84,FW85,FW86,FW87,FW88,FW89,FW90,FW91,FW92) -> 0 | ... GC71: =SUM(GC72,GC73,GC74,GC75,GC76,GC77,GC78,GC79,GC80,GC81,GC82,GC83,GC84,GC85,GC86,GC87,GC88,GC89,GC90,GC91,GC92) -> 0 | GD71: =IF(AG71+AI71+AK71+A71+AM71+AO71+AQ71+AS71+AU71+AW71+AY71+BA71+BC71+BE71+BG71>0,"DATA","N/A") -> N/A | GE71: N/A | GF71: =IF(BM71+BO71+BQ71+BS71+BY71+CA71+CC71+CE71+CG71+CI71<0,"DATA","N/A") -> N/A
B72: 5 | C72: PH0100000000 | D72: PH0103300000 | E72: PLGU La Union | F72: Region I (Ilocos Region) | G72: La Union | H72: PLGU La Union | I72: ='REGION I'!F$529 -> 0 | J72: ='REGION I'!I$529 -> 0 | K72: ='REGION I'!J$529 -> 0 | L72: ='REGION I'!K$529 -> 0 | M72: ='REGION I'!L$529 -> 0 | N72: ='REGION I'!M$529 -> 0 | O72: ='REGION I'!N$529 -> 0 | P72: ='REGION I'!O$529 -> 0 | Q72: ='REGION I'!P$529 -> 0 | R72: ='REGION I'!T$529 -> 0 | S72: ='REGION I'!U$529 -> 0 | T72: ='REGION I'!V$529 -> 0 | U72: ='REGION I'!W$529 -> 0 | V72: ='REGION I'!X$529 -> 0 | W72: ='REGION I'!Y$529 -> 0 | X72: ='REGION I'!Z$529 -> 0 | Y72: ='REGION I'!AA$529 -> 0 | ... ED72: ='REGION I'!EF$529 -> 0 | EE72: ='REGION I'!EH$529 -> 0 | EF72: ='REGION I'!EI$529 -> 0 | EG72: ='REGION I'!EK$529 -> 0 | EH72: ='REGION I'!EL$529 -> 0 | EI72: ='REGION I'!EN$529 -> 0 | EJ72: ='REGION I'!EO$529 -> 0 | EK72: ='REGION I'!EQ$529 -> 0 | EL72: ='REGION I'!ER$529 -> 0 | EM72: ='REGION I'!ES$529 -> 0 | EN72: ='REGION I'!EU$529 -> 0 | EO72: ='REGION I'!EV$529 -> 0 | EP72: ='REGION I'!EX$529 -> 0 | EQ72: ='REGION I'!EY$529 -> 0 | ER72: ='REGION I'!FA$529 -> 0 | ES72: ='REGION I'!FB$529 -> 0 | ET72: ='REGION I'!FD$529 -> 0 | EU72: ='REGION I'!FE$529 -> 0 | EV72: ='REGION I'!FG$529 -> 0 | EW72: ='REGION I'!FH$529 -> 0 | EX72: ='REGION I'!FJ$529 -> 0 | EY72: ='REGION I'!FK$529 -> 0 | EZ72: ='REGION I'!FM$529 -> 0 | FA72: ='REGION I'!FN$529 -> 0 | FB72: ='REGION I'!FP$529 -> 0 | FC72: ='REGION I'!FQ$529 -> 0 | FD72: ='REGION I'!FS$529 -> 0 | FE72: ='REGION I'!FT$529 -> 0 | FF72: ='REGION I'!FV$529 -> 0 | FG72: ='REGION I'!FW$529 -> 0 | FH72: ='REGION I'!FX$529 -> 0 | FI72: ='REGION I'!FZ$529 -> 0 | FJ72: ='REGION I'!GA$529 -> 0 | FK72: ='REGION I'!GB$529 -> 0 | FL72: ='REGION I'!GC$529 -> 0 | FM72: ='REGION I'!GD$529 -> 0 | FN72: ='REGION I'!GE$529 -> 0 | FO72: ='REGION I'!GF$529 -> 0 | FP72: ='REGION I'!GG$529 -> 0 | ... FV72: ='REGION I'!GM$529 -> 0 | FW72: =SUM(FM72,FP72,FR72,FT72,FV72) -> 0 | FX72: ='REGION I'!GO$529 -> 0 | FY72: ='REGION I'!GS$529 -> 0 | FZ72: ='REGION I'!GT$529 -> 0 | GA72: ='REGION I'!GU$529 -> 0 | GB72: ='REGION I'!GV$529 -> 0 | GC72: ='REGION I'!GW$529 -> 0 | GD72: =IF(AG72+AI72+AK72+A72+AM72+AO72+AQ72+AS72+AU72+AW72+AY72+BA72+BC72+BE72+BG72>0,"DATA","N/A") -> N/A | GE72: N/A | GF72: =IF(BM72+BO72+BQ72+BS72+BY72+CA72+CC72+CE72+CG72+CI72<0,"DATA","N/A") -> N/A
B73: 4 | C73: PH0100000000 | D73: PH0103300000 | E73: PH0103301000 | F73: Region I (Ilocos Region) | G73: La Union | H73: Agoo | I73: {=VLOOKUP(H73:H92, 'REGION I'!$B$530:$GW709, COLUMN('REGION I'!F122)-1, FALSE)} -> 65256 | J73: {=VLOOKUP(H73:H92, 'REGION I'!$B$530:$GW709, COLUMN('REGION I'!I122)-1, FALSE)} -> 0 | K73: {=VLOOKUP(H73:H92, 'REGION I'!$B$530:$GW709, COLUMN('REGION I'!J122)-1, FALSE)} -> 0 | L73: {=VLOOKUP(H73:H92, 'REGION I'!$B$530:$GW709, COLUMN('REGION I'!K122)-1, FALSE)} -> 0 | M73: {=VLOOKUP(H73:H92, 'REGION I'!$B$530:$GW709, COLUMN('REGION I'!L122)-1, FALSE)} -> 0 | N73: {=VLOOKUP(H73:H92, 'REGION I'!$B$530:$GW709, COLUMN('REGION I'!M122)-1, FALSE)} -> 0 | O73: {=VLOOKUP($H73:$H92, 'REGION I'!$B$530:$GW709, COLUMN('REGION I'!N122)-1, FALSE)} -> 0 | P73: {=VLOOKUP($H73:$H92, 'REGION I'!$B$530:$GW709, COLUMN('REGION I'!O122)-1, FALSE)} -> 0 | Q73: {=VLOOKUP($H73:$H92, 'REGION I'!$B$530:$GW709, COLUMN('REGION I'!P122)-1, FALSE)} -> 0 | R73: {=VLOOKUP(H73:H92, 'REGION I'!$B$530:$GW709, COLUMN('REGION I'!T122)-1, FALSE)} -> 0 | S73: {=VLOOKUP(H73:H92, 'REGION I'!$B$530:$GW709, COLUMN('REGION I'!U122)-1, FALSE)} -> 0 | T73: {=VLOOKUP(H73:H92, 'REGION I'!$B$530:$GW709, COLUMN('REGION I'!V122)-1, FALSE)} -> 0 | U73: {=VLOOKUP(H73:H92, 'REGION I'!$B$530:$GW709, COLUMN('REGION I'!W122)-1, FALSE)} -> 0 | V73: {=VLOOKUP(H73:H92, 'REGION I'!$B$530:$GW709, COLUMN('REGION I'!X122)-1, FALSE)} -> 0 | W73: {=VLOOKUP(H73:H92, 'REGION I'!$B$530:$GW709, COLUMN('REGION I'!Y122)-1, FALSE)} -> 0 | X73: {=VLOOKUP(H73:H92, 'REGION I'!$B$530:$GW709, COLUMN('REGION I'!Z122)-1, FALSE)} -> 0 | Y73: {=VLOOKUP(H73:H92, 'REGION I'!$B$530:$GW709, COLUMN('REGION I'!AA122)-1, FALSE)} -> 0 | Z73: {=VLOOKUP(H73:H92, 'REGION I'!$B$530:$GW709, COLUMN('REGION I'!AB122)-1, FALSE)} -> 0 | AA73: {=VLOOKUP(H73:H92, 'REGION I'!$B$530:$GW709, COLUMN('REGION I'!AC122)-1, FALSE)} -> 0 | AB73: {=VLOOKUP(H73:H92, 'REGION I'!$B$530:$GW709, COLUMN('REGION I'!AD122)-1, FALSE)} -> 0 | AC73: {=VLOOKUP(H73:H92, 'REGION I'!$B$530:$GW709, COLUMN('REGION I'!AE122)-1, FALSE)} -> 0 | AD73: {=VLOOKUP(H73:H92, 'REGION I'!$B$530:$GW709, COLUMN('REGION I'!AF122)-1, FALSE)} -> 0 | AE73: {=VLOOKUP($H73:$H92, 'REGION I'!$B$530:$GW709, COLUMN('REGION I'!AG122)-1, FALSE)} -> 0 | AF73: {=VLOOKUP($H73:$H92, 'REGION I'!$B$530:$GW709, COLUMN('REGION I'!AH122)-1, FALSE)} -> 0 | AG73: {=VLOOKUP($H73:$H92, 'REGION I'!$B$530:$GW709, COLUMN('REGION I'!AI122)-1, FALSE)} -> 0 | AH73: {=VLOOKUP(H73:H92, 'REGION I'!$B$530:$GW709, COLUMN('REGION I'!AJ122)-1, FALSE)} -> 0 | AI73: {=VLOOKUP(H73:H92, 'REGION I'!$B$530:$GW709, COLUMN('REGION I'!AK122)-1, FALSE)} -> 0 | AJ73: {=VLOOKUP(H73:H92, 'REGION I'!$B$530:$GW709, COLUMN('REGION I'!AL122)-1, FALSE)} -> 0 | AK73: {=VLOOKUP(H73:H92, 'REGION I'!$B$530:$GW709, COLUMN('REGION I'!AM122)-1, FALSE)} -> 0 | AL73: {=VLOOKUP(H73:H92, 'REGION I'!$B$530:$GW709, COLUMN('REGION I'!AN122)-1, FALSE)} -> 0 | AM73: {=VLOOKUP(H73:H92, 'REGION I'!$B$530:$GW709, COLUMN('REGION I'!AO122)-1, FALSE)} -> 0 | AN73: {=VLOOKUP(H73:H92, 'REGION I'!$B$530:$GW709, COLUMN('REGION I'!AP122)-1, FALSE)} -> 0 | AO73: {=VLOOKUP(H73:H92, 'REGION I'!$B$530:$GW709, COLUMN('REGION I'!AQ122)-1, FALSE)} -> 0 | AP73: {=VLOOKUP(H73:H92, 'REGION I'!$B$530:$GW709, COLUMN('REGION I'!AR122)-1, FALSE)} -> 0 | AQ73: {=VLOOKUP(H73:H92, 'REGION I'!$B$530:$GW709, COLUMN('REGION I'!AS122)-1, FALSE)} -> 0 | AR73: {=VLOOKUP(H73:H92, 'REGION I'!$B$530:$GW709, COLUMN('REGION I'!AT122)-1, FALSE)} -> 0 | AS73: {=VLOOKUP(H73:H92, 'REGION I'!$B$530:$GW709, COLUMN('REGION I'!AU122)-1, FALSE)} -> 0 | AT73: {=VLOOKUP(H73:H92, 'REGION I'!$B$530:$GW709, COLUMN('REGION I'!AV122)-1, FALSE)} -> 0 | AU73: {=VLOOKUP(H73:H92, 'REGION I'!$B$530:$GW709, COLUMN('REGION I'!AW122)-1, FALSE)} -> 0 | AV73: {=VLOOKUP(H73:H92, 'REGION I'!$B$530:$GW709, COLUMN('REGION I'!AX122)-1, FALSE)} -> 0 | AW73: {=VLOOKUP(H73:H92, 'REGION I'!$B$530:$GW709, COLUMN('REGION I'!AY122)-1, FALSE)} -> 0 | AX73: {=VLOOKUP(H73:H92, 'REGION I'!$B$530:$GW709, COLUMN('REGION I'!AZ122)-1, FALSE)} -> 0 | AY73: {=VLOOKUP(H73:H92, 'REGION I'!$B$530:$GW709, COLUMN('REGION I'!BA122)-1, FALSE)} -> 0 | AZ73: {=VLOOKUP(H73:H92, 'REGION I'!$B$530:$GW709, COLUMN('REGION I'!BB122)-1, FALSE)} -> 0 | BA73: {=VLOOKUP(H73:H92, 'REGION I'!$B$530:$GW709, COLUMN('REGION I'!BC122)-1, FALSE)} -> 0 | BB73: {=VLOOKUP(H73:H92, 'REGION I'!$B$530:$GW709, COLUMN('REGION I'!BD122)-1, FALSE)} -> 0 | BC73: {=VLOOKUP(H73:H92, 'REGION I'!$B$530:$GW709, COLUMN('REGION I'!BE122)-1, FALSE)} -> 0 | BD73: {=VLOOKUP(H73:H92, 'REGION I'!$B$530:$GW709, COLUMN('REGION I'!BF122)-1, FALSE)} -> 0 | BE73: {=VLOOKUP(H73:H92, 'REGION I'!$B$530:$GW709, COLUMN('REGION I'!BG122)-1, FALSE)} -> 0 | BF73: {=VLOOKUP(H73:H92, 'REGION I'!$B$530:$GW709, COLUMN('REGION I'!BH122)-1, FALSE)} -> 0 | BG73: {=VLOOKUP(H73:H92, 'REGION I'!$B$530:$GW709, COLUMN('REGION I'!BI122)-1, FALSE)} -> 0 | BH73: {=VLOOKUP(H73:H92, 'REGION I'!$B$530:$GW709, COLUMN('REGION I'!BJ122)-1, FALSE)} -> 0 | BI73: {=VLOOKUP(H73:H92, 'REGION I'!$B$530:$GW709, COLUMN('REGION I'!BK122)-1, FALSE)} -> 0 | BJ73: {=VLOOKUP(H73:H92, 'REGION I'!$B$530:$GW709, COLUMN('REGION I'!BL122)-1, FALSE)} -> 0 | BK73: {=VLOOKUP(H73:H92, 'REGION I'!$B$530:$GW709, COLUMN('REGION I'!BM122)-1, FALSE)} -> 0 | BL73: {=VLOOKUP(H73:H92, 'REGION I'!$B$530:$GW709, COLUMN('REGION I'!BN122)-1, FALSE)} -> 0 | BM73: {=VLOOKUP(H73:H92, 'REGION I'!$B$530:$GW709, COLUMN('REGION I'!BO122)-1, FALSE)} -> 0 | BN73: {=VLOOKUP(H73:H92, 'REGION I'!$B$530:$GW709, COLUMN('REGION I'!BP122)-1, FALSE)} -> 0 | BO73: {=VLOOKUP(H73:H92, 'REGION I'!$B$530:$GW709, COLUMN('REGION I'!BQ122)-1, FALSE)} -> 0 | BP73: {=VLOOKUP(H73:H92, 'REGION I'!$B$530:$GW709, COLUMN('REGION I'!BR122)-1, FALSE)} -> 0 | BQ73: {=VLOOKUP(H73:H92, 'REGION I'!$B$530:$GW709, COLUMN('REGION I'!BS122)-1, FALSE)} -> 0 | BR73: {=VLOOKUP(H73:H92, 'REGION I'!$B$530:$GW709, COLUMN('REGION I'!BT122)-1, FALSE)} -> 0 | BS73: {=VLOOKUP(H73:H92, 'REGION I'!$B$530:$GW709, COLUMN('REGION I'!BU122)-1, FALSE)} -> 0 | BT73: {=VLOOKUP(H73:H92, 'REGION I'!$B$530:$GW709, COLUMN('REGION I'!BV122)-1, FALSE)} -> 0 | BU73: {=VLOOKUP(H73:H92, 'REGION I'!$B$530:$GW709, COLUMN('REGION I'!BW122)-1, FALSE)} -> 0 | BV73: {=VLOOKUP(H73:H92, 'REGION I'!$B$530:$GW709, COLUMN('REGION I'!BX122)-1, FALSE)} -> 0 | BW73: {=VLOOKUP(H73:H92, 'REGION I'!$B$530:$GW709, COLUMN('REGION I'!BY122)-1, FALSE)} -> 0 | BX73: {=VLOOKUP(H73:H92, 'REGION I'!$B$530:$GW709, COLUMN('REGION I'!BZ122)-1, FALSE)} -> 0 | BY73: {=VLOOKUP(H73:H92, 'REGION I'!$B$530:$GW709, COLUMN('REGION I'!CA122)-1, FALSE)} -> 0 | BZ73: {=VLOOKUP(H73:H92, 'REGION I'!$B$530:$GW709, COLUMN('REGION I'!CB122)-1, FALSE)} -> 0 | CA73: {=VLOOKUP(H73:H92, 'REGION I'!$B$530:$GW709, COLUMN('REGION I'!CC122)-1, FALSE)} -> 0 | CB73: {=VLOOKUP(H73:H92, 'REGION I'!$B$530:$GW709, COLUMN('REGION I'!CD122)-1, FALSE)} -> 0 | CC73: {=VLOOKUP(H73:H92, 'REGION I'!$B$530:$GW709, COLUMN('REGION I'!CE122)-1, FALSE)} -> 0 | CD73: {=VLOOKUP(H73:H92, 'REGION I'!$B$530:$GW709, COLUMN('REGION I'!CF122)-1, FALSE)} -> 0 | CE73: {=VLOOKUP(H73:H92, 'REGION I'!$B$530:$GW709, COLUMN('REGION I'!CG122)-1, FALSE)} -> 0 | CF73: {=VLOOKUP(H73:H92, 'REGION I'!$B$530:$GW709, COLUMN('REGION I'!CH122)-1, FALSE)} -> 0 | CG73: {=VLOOKUP(H73:H92, 'REGION I'!$B$530:$GW709, COLUMN('REGION I'!CI122)-1, FALSE)} -> 0 | CH73: {=VLOOKUP(H73:H92, 'REGION I'!$B$530:$GW709, COLUMN('REGION I'!CJ122)-1, FALSE)} -> 0 | CI73: {=VLOOKUP(H73:H92, 'REGION I'!$B$530:$GW709, COLUMN('REGION I'!CK122)-1, FALSE)} -> 0 | CJ73: {=VLOOKUP(H73:H92, 'REGION I'!$B$530:$GW709, COLUMN('REGION I'!CL122)-1, FALSE)} -> 0 | CK73: {=VLOOKUP(H73:H92, 'REGION I'!$B$530:$GW709, COLUMN('REGION I'!CM122)-1, FALSE)} -> 0 | CL73: {=VLOOKUP(H73:H92, 'REGION I'!$B$530:$GW709, COLUMN('REGION I'!CN122)-1, FALSE)} -> 0 | CM73: {=VLOOKUP(H73:H92, 'REGION I'!$B$530:$GW709, COLUMN('REGION I'!CO122)-1, FALSE)} -> 0 | CN73: {=VLOOKUP(H73:H92, 'REGION I'!$B$530:$GW709, COLUMN('REGION I'!CP122)-1, FALSE)} -> 0 | CO73: {=VLOOKUP($H73:$H92, 'REGION I'!$B$530:$GW709, COLUMN('REGION I'!CQ122)-1, FALSE)} -> 0 | CP73: {=VLOOKUP($H73:$H92, 'REGION I'!$B$530:$GW709, COLUMN('REGION I'!CR122)-1, FALSE)} -> 0 | CQ73: {=VLOOKUP($H73:$H92, 'REGION I'!$B$530:$GW709, COLUMN('REGION I'!CS122)-1, FALSE)} -> 0 | CR73: {=VLOOKUP($H73:$H92, 'REGION I'!$B$530:$GW709, COLUMN('REGION I'!CT122)-1, FALSE)} -> 0 | CS73: {=VLOOKUP($H73:$H92, 'REGION I'!$B$530:$GW709, COLUMN('REGION I'!CU122)-1, FALSE)} -> 0 | CT73: {=VLOOKUP($H73:$H92, 'REGION I'!$B$530:$GW709, COLUMN('REGION I'!CV122)-1, FALSE)} -> 0 | CU73: {=VLOOKUP($H73:$H92, 'REGION I'!$B$530:$GW709, COLUMN('REGION I'!CW122)-1, FALSE)} -> 0 | CV73: {=VLOOKUP($H73:$H92, 'REGION I'!$B$530:$GW709, COLUMN('REGION I'!CX122)-1, FALSE)} -> 0 | ... DZ73: {=VLOOKUP($H73:$H92, 'REGION I'!$B$530:$GW709, COLUMN('REGION I'!EB122)-1, FALSE)} -> 0 | EA73: {=VLOOKUP(H73:H92, 'REGION I'!$B$530:$GW709, COLUMN('REGION I'!EC122)-1, FALSE)} -> 0 | EB73: {=VLOOKUP(H73:H92, 'REGION I'!$B$530:$GW709, COLUMN('REGION I'!ED122)-1, FALSE)} -> 0 | EC73: {=VLOOKUP(H73:H92, 'REGION I'!$B$530:$GW709, COLUMN('REGION I'!EE122)-1, FALSE)} -> 0 | ED73: {=VLOOKUP(H73:H92, 'REGION I'!$B$530:$GW709, COLUMN('REGION I'!EF122)-1, FALSE)} -> 0 | EE73: {=VLOOKUP(H73:H92, 'REGION I'!$B$530:$GW709, COLUMN('REGION I'!EH122)-1, FALSE)} -> 0 | EF73: {=VLOOKUP(H73:H92, 'REGION I'!$B$530:$GW709, COLUMN('REGION I'!EI122)-1, FALSE)} -> 0 | EG73: {=VLOOKUP(H73:H92, 'REGION I'!$B$530:$GW709, COLUMN('REGION I'!EK122)-1, FALSE)} -> 0 | EH73: {=VLOOKUP(H73:H92, 'REGION I'!$B$530:$GW709, COLUMN('REGION I'!EL122)-1, FALSE)} -> 0 | EI73: {=VLOOKUP(H73:H92, 'REGION I'!$B$530:$GW709, COLUMN('REGION I'!EN122)-1, FALSE)} -> 0 | EJ73: {=VLOOKUP(H73:H92, 'REGION I'!$B$530:$GW709, COLUMN('REGION I'!EO122)-1, FALSE)} -> 0 | EK73: {=VLOOKUP(H73:H92, 'REGION I'!$B$530:$GW709, COLUMN('REGION I'!EQ122)-1, FALSE)} -> 0 | EL73: {=VLOOKUP(H73:H92, 'REGION I'!$B$530:$GW709, COLUMN('REGION I'!ER122)-1, FALSE)} -> 0 | EM73: {=VLOOKUP(H73:H92, 'REGION I'!$B$530:$GW709, COLUMN('REGION I'!ES122)-1, FALSE)} -> 0 | EN73: {=VLOOKUP(H73:H92, 'REGION I'!$B$530:$GW709, COLUMN('REGION I'!EU122)-1, FALSE)} -> 0 | EO73: {=VLOOKUP(H73:H92, 'REGION I'!$B$530:$GW709, COLUMN('REGION I'!EV122)-1, FALSE)} -> 0 | EP73: {=VLOOKUP(H73:H92, 'REGION I'!$B$530:$GW709, COLUMN('REGION I'!EX122)-1, FALSE)} -> 0 | EQ73: {=VLOOKUP(H73:H92, 'REGION I'!$B$530:$GW709, COLUMN('REGION I'!EY122)-1, FALSE)} -> 0 | ER73: {=VLOOKUP(H73:H92, 'REGION I'!$B$530:$GW709, COLUMN('REGION I'!FA122)-1, FALSE)} -> 0 | ES73: {=VLOOKUP(H73:H92, 'REGION I'!$B$530:$GW709, COLUMN('REGION I'!FB122)-1, FALSE)} -> 0 | ET73: {=VLOOKUP(H73:H92, 'REGION I'!$B$530:$GW709, COLUMN('REGION I'!FD122)-1, FALSE)} -> 0 | EU73: {=VLOOKUP(H73:H92, 'REGION I'!$B$530:$GW709, COLUMN('REGION I'!FE122)-1, FALSE)} -> 0 | EV73: {=VLOOKUP(H73:H92, 'REGION I'!$B$530:$GW709, COLUMN('REGION I'!FG122)-1, FALSE)} -> 0 | EW73: {=VLOOKUP(H73:H92, 'REGION I'!$B$530:$GW709, COLUMN('REGION I'!FH122)-1, FALSE)} -> 0 | EX73: {=VLOOKUP(H73:H92, 'REGION I'!$B$530:$GW709, COLUMN('REGION I'!FJ122)-1, FALSE)} -> 0 | EY73: {=VLOOKUP(H73:H92, 'REGION I'!$B$530:$GW709, COLUMN('REGION I'!FK122)-1, FALSE)} -> 0 | EZ73: {=VLOOKUP(H73:H92, 'REGION I'!$B$530:$GW709, COLUMN('REGION I'!FM122)-1, FALSE)} -> 0 | FA73: {=VLOOKUP(H73:H92, 'REGION I'!$B$530:$GW709, COLUMN('REGION I'!FN122)-1, FALSE)} -> 0 | FB73: {=VLOOKUP(H73:H92, 'REGION I'!$B$530:$GW709, COLUMN('REGION I'!FP122)-1, FALSE)} -> 0 | FC73: {=VLOOKUP(H73:H92, 'REGION I'!$B$530:$GW709, COLUMN('REGION I'!FQ122)-1, FALSE)} -> 0 | FD73: {=VLOOKUP(H73:H92, 'REGION I'!$B$530:$GW709, COLUMN('REGION I'!FS122)-1, FALSE)} -> 0 | FE73: {=VLOOKUP(H73:H92, 'REGION I'!$B$530:$GW709, COLUMN('REGION I'!FT122)-1, FALSE)} -> 0 | FF73: {=VLOOKUP(H73:H92, 'REGION I'!$B$530:$GW709, COLUMN('REGION I'!FV122)-1, FALSE)} -> 0 | FG73: {=VLOOKUP(H73:H92, 'REGION I'!$B$530:$GW709, COLUMN('REGION I'!FW122)-1, FALSE)} -> 0 | FH73: {=VLOOKUP(H73:H92, 'REGION I'!$B$530:$GW709, COLUMN('REGION I'!FX122)-1, FALSE)} -> 0 | FI73: {=VLOOKUP(H73:H92, 'REGION I'!$B$530:$GW709, COLUMN('REGION I'!FZ122)-1, FALSE)} -> 0 | FJ73: {=VLOOKUP(H73:H92, 'REGION I'!$B$530:$GW709, COLUMN('REGION I'!GA122)-1, FALSE)} -> 0 | FK73: {=VLOOKUP(H73:H92, 'REGION I'!$B$530:$GW709, COLUMN('REGION I'!GB122)-1, FALSE)} -> 0 | FL73: {=VLOOKUP(H73:H92, 'REGION I'!$B$530:$GW709, COLUMN('REGION I'!GC122)-1, FALSE)} -> 0 | FM73: {=VLOOKUP(H73:H92, 'REGION I'!$B$530:$GW709, COLUMN('REGION I'!GD122)-1, FALSE)} -> 0 | FN73: {=VLOOKUP(H73:H92, 'REGION I'!$B$530:$GW709, COLUMN('REGION I'!GE122)-1, FALSE)} -> 0 | FO73: {=VLOOKUP(H73:H92, 'REGION I'!$B$530:$GW709, COLUMN('REGION I'!GF122)-1, FALSE)} -> 0 | FP73: {=VLOOKUP(H73:H92, 'REGION I'!$B$530:$GW709, COLUMN('REGION I'!GG122)-1, FALSE)} -> 0 | FQ73: {=VLOOKUP(H73:H92, 'REGION I'!$B$530:$GW709, COLUMN('REGION I'!GH122)-1, FALSE)} -> 0 | FR73: {=VLOOKUP(H73:H92, 'REGION I'!$B$530:$GW709, COLUMN('REGION I'!GI122)-1, FALSE)} -> 0 | FS73: {=VLOOKUP(H73:H92, 'REGION I'!$B$530:$GW709, COLUMN('REGION I'!GJ122)-1, FALSE)} -> 0 | FT73: {=VLOOKUP(H73:H92, 'REGION I'!$B$530:$GW709, COLUMN('REGION I'!GK122)-1, FALSE)} -> 0 | FU73: {=VLOOKUP(H73:H92, 'REGION I'!$B$530:$GW709, COLUMN('REGION I'!GL122)-1, FALSE)} -> 0 | FV73: {=VLOOKUP(H73:H92, 'REGION I'!$B$530:$GW709, COLUMN('REGION I'!GM122)-1, FALSE)} -> 0 | FW73: {=VLOOKUP(H73:H92, 'REGION I'!$B$530:$GW709, COLUMN('REGION I'!GN122)-1, FALSE)} -> 0 | FX73: {=VLOOKUP(H73:H92, 'REGION I'!$B$530:$GW709, COLUMN('REGION I'!GO122)-1, FALSE)} -> 0 | FY73: {=VLOOKUP(H73:H92, 'REGION I'!$B$530:$GW709, COLUMN('REGION I'!GS122)-1, FALSE)} -> 0 | FZ73: {=VLOOKUP(H73:H92, 'REGION I'!$B$530:$GW709, COLUMN('REGION I'!GT122)-1, FALSE)} -> 0 | GA73: {=VLOOKUP(H73:H92, 'REGION I'!$B$530:$GW709, COLUMN('REGION I'!GU122)-1, FALSE)} -> 0 | GB73: {=VLOOKUP(H73:H92, 'REGION I'!$B$530:$GW709, COLUMN('REGION I'!GV122)-1, FALSE)} -> 0 | GC73: {=VLOOKUP(H73:H92, 'REGION I'!$B$530:$GW709, COLUMN('REGION I'!GW122)-1, FALSE)} -> 0 | GD73: =IF(AG73+AI73+AK73+A73+AM73+AO73+AQ73+AS73+AU73+AW73+AY73+BA73+BC73+BE73+BG73>0,"DATA","N/A") -> N/A | GE73: N/A | GF73: =IF(BM73+BO73+BQ73+BS73+BY73+CA73+CC73+CE73+CG73+CI73<0,"DATA","N/A") -> N/A
B74: 4 | C74: PH0100000000 | D74: PH0103300000 | E74: PH0103302000 | F74: Region I (Ilocos Region) | G74: La Union | H74: Aringay | I74: 50786 | J74: 0 | K74: 0 | L74: 0 | M74: 0 | N74: 0 | O74: 0 | P74: 0 | Q74: 0 | R74: 0 | S74: 0 | T74: 0 | U74: 0 | V74: 0 | W74: 0 | X74: 0 | Y74: 0 | Z74: 0 | AA74: 0 | AB74: 0 | AC74: 0 | AD74: 0 | AE74: 0 | AF74: 0 | AG74: 0 | AH74: 0 | AI74: 0 | AJ74: 0 | AK74: 0 | AL74: 0 | AM74: 0 | AN74: 0 | AO74: 0 | AP74: 0 | AQ74: 0 | AR74: 0 | AS74: 0 | AT74: 0 | AU74: 0 | AV74: 0 | AW74: 0 | AX74: 0 | AY74: 0 | AZ74: 0 | BA74: 0 | BB74: 0 | BC74: 0 | BD74: 0 | BE74: 0 | BF74: 0 | BG74: 0 | BH74: 0 | BI74: 0 | BJ74: 0 | BK74: 0 | BL74: 0 | BM74: 0 | BN74: 0 | BO74: 0 | BP74: 0 | BQ74: 0 | BR74: 0 | BS74: 0 | BT74: 0 | BU74: 0 | BV74: 0 | BW74: 0 | BX74: 0 | BY74: 0 | BZ74: 0 | CA74: 0 | CB74: 0 | CC74: 0 | CD74: 0 | CE74: 0 | CF74: 0 | CG74: 0 | CH74: 0 | CI74: 0 | CJ74: 0 | CK74: 0 | CL74: 0 | CM74: 0 | CN74: 0 | CO74: 0 | CP74: 0 | CQ74: 0 | CR74: 0 | CS74: 0 | CT74: 0 | CU74: 0 | CV74: 0 | CW74: 0 | CX74: 0 | CY74: 0 | CZ74: 0 | DA74: 0 | DB74: 0 | DC74: 0 | DD74: 0 | DE74: 0 | DF74: 0 | DG74: 0 | DH74: 0 | DI74: 0 | DJ74: 0 | DK74: 0 | DL74: 0 | DM74: 0 | DN74: 0 | DO74: 0 | DP74: 0 | DQ74: 0 | DR74: 0 | DS74: 0 | DT74: 0 | DU74: 0 | DV74: 0 | DW74: 0 | DX74: 0 | DY74: 0 | DZ74: 0 | EA74: 0 | EB74: 0 | EC74: 0 | ED74: 0 | EE74: 0 | EF74: 0 | EG74: 0 | EH74: 0 | EI74: 0 | EJ74: 0 | EK74: 0 | EL74: 0 | EM74: 0 | EN74: 0 | EO74: 0 | EP74: 0 | EQ74: 0 | ER74: 0 | ES74: 0 | ET74: 0 | EU74: 0 | EV74: 0 | EW74: 0 | EX74: 0 | EY74: 0 | EZ74: 0 | FA74: 0 | FB74: 0 | FC74: 0 | FD74: 0 | FE74: 0 | FF74: 0 | FG74: 0 | FH74: 0 | FI74: 0 | FJ74: 0 | FK74: 0 | FL74: 0 | FM74: 0 | FN74: 0 | FO74: 0 | FP74: 0 | FQ74: 0 | FR74: 0 | FS74: 0 | FT74: 0 | FU74: 0 | FV74: 0 | FW74: 0 | FX74: 0 | FY74: 0 | FZ74: 0 | GA74: 0 | GB74: 0 | GC74: 0 | GD74: =IF(AG74+AI74+AK74+A74+AM74+AO74+AQ74+AS74+AU74+AW74+AY74+BA74+BC74+BE74+BG74>0,"DATA","N/A") -> N/A | GE74: N/A | GF74: =IF(BM74+BO74+BQ74+BS74+BY74+CA74+CC74+CE74+CG74+CI74<0,"DATA","N/A") -> N/A
B75: 4 | C75: PH0100000000 | D75: PH0103300000 | E75: PH0103303000 | F75: Region I (Ilocos Region) | G75: La Union | H75: Bacnotan | I75: 45203 | J75: 0 | K75: 0 | L75: 0 | M75: 0 | N75: 0 | O75: 0 | P75: 0 | Q75: 0 | R75: 0 | S75: 0 | T75: 0 | U75: 0 | V75: 0 | W75: 0 | X75: 0 | Y75: 0 | Z75: 0 | AA75: 0 | AB75: 0 | AC75: 0 | AD75: 0 | AE75: 0 | AF75: 0 | AG75: 0 | AH75: 0 | AI75: 0 | AJ75: 0 | AK75: 0 | AL75: 0 | AM75: 0 | AN75: 0 | AO75: 0 | AP75: 0 | AQ75: 0 | AR75: 0 | AS75: 0 | AT75: 0 | AU75: 0 | AV75: 0 | AW75: 0 | AX75: 0 | AY75: 0 | AZ75: 0 | BA75: 0 | BB75: 0 | BC75: 0 | BD75: 0 | BE75: 0 | BF75: 0 | BG75: 0 | BH75: 0 | BI75: 0 | BJ75: 0 | BK75: 0 | BL75: 0 | BM75: 0 | BN75: 0 | BO75: 0 | BP75: 0 | BQ75: 0 | BR75: 0 | BS75: 0 | BT75: 0 | BU75: 0 | BV75: 0 | BW75: 0 | BX75: 0 | BY75: 0 | BZ75: 0 | CA75: 0 | CB75: 0 | CC75: 0 | CD75: 0 | CE75: 0 | CF75: 0 | CG75: 0 | CH75: 0 | CI75: 0 | CJ75: 0 | CK75: 0 | CL75: 0 | CM75: 0 | CN75: 0 | CO75: 0 | CP75: 0 | CQ75: 0 | CR75: 0 | CS75: 0 | CT75: 0 | CU75: 0 | CV75: 0 | CW75: 0 | CX75: 0 | CY75: 0 | CZ75: 0 | DA75: 0 | DB75: 0 | DC75: 0 | DD75: 0 | DE75: 0 | DF75: 0 | DG75: 0 | DH75: 0 | DI75: 0 | DJ75: 0 | DK75: 0 | DL75: 0 | DM75: 0 | DN75: 0 | DO75: 0 | DP75: 0 | DQ75: 0 | DR75: 0 | DS75: 0 | DT75: 0 | DU75: 0 | DV75: 0 | DW75: 0 | DX75: 0 | DY75: 0 | DZ75: 0 | EA75: 0 | EB75: 0 | EC75: 0 | ED75: 0 | EE75: 0 | EF75: 0 | EG75: 0 | EH75: 0 | EI75: 0 | EJ75: 0 | EK75: 0 | EL75: 0 | EM75: 0 | EN75: 0 | EO75: 0 | EP75: 0 | EQ75: 0 | ER75: 0 | ES75: 0 | ET75: 0 | EU75: 0 | EV75: 0 | EW75: 0 | EX75: 0 | EY75: 0 | EZ75: 0 | FA75: 0 | FB75: 0 | FC75: 0 | FD75: 0 | FE75: 0 | FF75: 0 | FG75: 0 | FH75: 0 | FI75: 0 | FJ75: 0 | FK75: 0 | FL75: 0 | FM75: 0 | FN75: 0 | FO75: 0 | FP75: 0 | FQ75: 0 | FR75: 0 | FS75: 0 | FT75: 0 | FU75: 0 | FV75: 0 | FW75: 0 | FX75: 0 | FY75: 0 | FZ75: 0 | GA75: 0 | GB75: 0 | GC75: 0 | GD75: =IF(AG75+AI75+AK75+A75+AM75+AO75+AQ75+AS75+AU75+AW75+AY75+BA75+BC75+BE75+BG75>0,"DATA","N/A") -> N/A | GE75: N/A | GF75: =IF(BM75+BO75+BQ75+BS75+BY75+CA75+CC75+CE75+CG75+CI75<0,"DATA","N/A") -> N/A
B76: 4 | C76: PH0100000000 | D76: PH0103300000 | E76: PH0103304000 | F76: Region I (Ilocos Region) | G76: La Union | H76: Bagulin | I76: 14434 | J76: 0 | K76: 0 | L76: 0 | M76: 0 | N76: 0 | O76: 0 | P76: 0 | Q76: 0 | R76: 0 | S76: 0 | T76: 0 | U76: 0 | V76: 0 | W76: 0 | X76: 0 | Y76: 0 | Z76: 0 | AA76: 0 | AB76: 0 | AC76: 0 | AD76: 0 | AE76: 0 | AF76: 0 | AG76: 0 | AH76: 0 | AI76: 0 | AJ76: 0 | AK76: 0 | AL76: 0 | AM76: 0 | AN76: 0 | AO76: 0 | AP76: 0 | AQ76: 0 | AR76: 0 | AS76: 0 | AT76: 0 | AU76: 0 | AV76: 0 | AW76: 0 | AX76: 0 | AY76: 0 | AZ76: 0 | BA76: 0 | BB76: 0 | BC76: 0 | BD76: 0 | BE76: 0 | BF76: 0 | BG76: 0 | BH76: 0 | BI76: 0 | BJ76: 0 | BK76: 0 | BL76: 0 | BM76: 0 | BN76: 0 | BO76: 0 | BP76: 0 | BQ76: 0 | BR76: 0 | BS76: 0 | BT76: 0 | BU76: 0 | BV76: 0 | BW76: 0 | BX76: 0 | BY76: 0 | BZ76: 0 | CA76: 0 | CB76: 0 | CC76: 0 | CD76: 0 | CE76: 0 | CF76: 0 | CG76: 0 | CH76: 0 | CI76: 0 | CJ76: 0 | CK76: 0 | CL76: 0 | CM76: 0 | CN76: 0 | CO76: 0 | CP76: 0 | CQ76: 0 | CR76: 0 | CS76: 0 | CT76: 0 | CU76: 0 | CV76: 0 | CW76: 0 | CX76: 0 | CY76: 0 | CZ76: 0 | DA76: 0 | DB76: 0 | DC76: 0 | DD76: 0 | DE76: 0 | DF76: 0 | DG76: 0 | DH76: 0 | DI76: 0 | DJ76: 0 | DK76: 0 | DL76: 0 | DM76: 0 | DN76: 0 | DO76: 0 | DP76: 0 | DQ76: 0 | DR76: 0 | DS76: 0 | DT76: 0 | DU76: 0 | DV76: 0 | DW76: 0 | DX76: 0 | DY76: 0 | DZ76: 0 | EA76: 0 | EB76: 0 | EC76: 0 | ED76: 0 | EE76: 0 | EF76: 0 | EG76: 0 | EH76: 0 | EI76: 0 | EJ76: 0 | EK76: 0 | EL76: 0 | EM76: 0 | EN76: 0 | EO76: 0 | EP76: 0 | EQ76: 0 | ER76: 0 | ES76: 0 | ET76: 0 | EU76: 0 | EV76: 0 | EW76: 0 | EX76: 0 | EY76: 0 | EZ76: 0 | FA76: 0 | FB76: 0 | FC76: 0 | FD76: 0 | FE76: 0 | FF76: 0 | FG76: 0 | FH76: 0 | FI76: 0 | FJ76: 0 | FK76: 0 | FL76: 0 | FM76: 0 | FN76: 0 | FO76: 0 | FP76: 0 | FQ76: 0 | FR76: 0 | FS76: 0 | FT76: 0 | FU76: 0 | FV76: 0 | FW76: 0 | FX76: 0 | FY76: 0 | FZ76: 0 | GA76: 0 | GB76: 0 | GC76: 0 | GD76: =IF(AG76+AI76+AK76+A76+AM76+AO76+AQ76+AS76+AU76+AW76+AY76+BA76+BC76+BE76+BG76>0,"DATA","N/A") -> N/A | GE76: N/A | GF76: =IF(BM76+BO76+BQ76+BS76+BY76+CA76+CC76+CE76+CG76+CI76<0,"DATA","N/A") -> N/A
B77: 4 | C77: PH0100000000 | D77: PH0103300000 | E77: PH0103305000 | F77: Region I (Ilocos Region) | G77: La Union | H77: Balaoan | I77: 40440 | J77: 0 | K77: 0 | L77: 0 | M77: 0 | N77: 0 | O77: 0 | P77: 0 | Q77: 0 | R77: 0 | S77: 0 | T77: 0 | U77: 0 | V77: 0 | W77: 0 | X77: 0 | Y77: 0 | Z77: 0 | AA77: 0 | AB77: 0 | AC77: 0 | AD77: 0 | AE77: 0 | AF77: 0 | AG77: 0 | AH77: 0 | AI77: 0 | AJ77: 0 | AK77: 0 | AL77: 0 | AM77: 0 | AN77: 0 | AO77: 0 | AP77: 0 | AQ77: 0 | AR77: 0 | AS77: 0 | AT77: 0 | AU77: 0 | AV77: 0 | AW77: 0 | AX77: 0 | AY77: 0 | AZ77: 0 | BA77: 0 | BB77: 0 | BC77: 0 | BD77: 0 | BE77: 0 | BF77: 0 | BG77: 0 | BH77: 0 | BI77: 0 | BJ77: 0 | BK77: 0 | BL77: 0 | BM77: 0 | BN77: 0 | BO77: 0 | BP77: 0 | BQ77: 0 | BR77: 0 | BS77: 0 | BT77: 0 | BU77: 0 | BV77: 0 | BW77: 0 | BX77: 0 | BY77: 0 | BZ77: 0 | CA77: 0 | CB77: 0 | CC77: 0 | CD77: 0 | CE77: 0 | CF77: 0 | CG77: 0 | CH77: 0 | CI77: 0 | CJ77: 0 | CK77: 0 | CL77: 0 | CM77: 0 | CN77: 0 | CO77: 0 | CP77: 0 | CQ77: 0 | CR77: 0 | CS77: 0 | CT77: 0 | CU77: 0 | CV77: 0 | CW77: 0 | CX77: 0 | CY77: 0 | CZ77: 0 | DA77: 0 | DB77: 0 | DC77: 0 | DD77: 0 | DE77: 0 | DF77: 0 | DG77: 0 | DH77: 0 | DI77: 0 | DJ77: 0 | DK77: 0 | DL77: 0 | DM77: 0 | DN77: 0 | DO77: 0 | DP77: 0 | DQ77: 0 | DR77: 0 | DS77: 0 | DT77: 0 | DU77: 0 | DV77: 0 | DW77: 0 | DX77: 0 | DY77: 0 | DZ77: 0 | EA77: 0 | EB77: 0 | EC77: 0 | ED77: 0 | EE77: 0 | EF77: 0 | EG77: 0 | EH77: 0 | EI77: 0 | EJ77: 0 | EK77: 0 | EL77: 0 | EM77: 0 | EN77: 0 | EO77: 0 | EP77: 0 | EQ77: 0 | ER77: 0 | ES77: 0 | ET77: 0 | EU77: 0 | EV77: 0 | EW77: 0 | EX77: 0 | EY77: 0 | EZ77: 0 | FA77: 0 | FB77: 0 | FC77: 0 | FD77: 0 | FE77: 0 | FF77: 0 | FG77: 0 | FH77: 0 | FI77: 0 | FJ77: 0 | FK77: 0 | FL77: 0 | FM77: 0 | FN77: 0 | FO77: 0 | FP77: 0 | FQ77: 0 | FR77: 0 | FS77: 0 | FT77: 0 | FU77: 0 | FV77: 0 | FW77: 0 | FX77: 0 | FY77: 0 | FZ77: 0 | GA77: 0 | GB77: 0 | GC77: 0 | GD77: =IF(AG77+AI77+AK77+A77+AM77+AO77+AQ77+AS77+AU77+AW77+AY77+BA77+BC77+BE77+BG77>0,"DATA","N/A") -> N/A | GE77: N/A | GF77: =IF(BM77+BO77+BQ77+BS77+BY77+CA77+CC77+CE77+CG77+CI77<0,"DATA","N/A") -> N/A
B78: 4 | C78: PH0100000000 | D78: PH0103300000 | E78: PH0103306000 | F78: Region I (Ilocos Region) | G78: La Union | H78: Bangar | I78: 38190 | J78: 0 | K78: 0 | L78: 0 | M78: 0 | N78: 0 | O78: 0 | P78: 0 | Q78: 0 | R78: 0 | S78: 0 | T78: 0 | U78: 0 | V78: 0 | W78: 0 | X78: 0 | Y78: 0 | Z78: 0 | AA78: 0 | AB78: 0 | AC78: 0 | AD78: 0 | AE78: 0 | AF78: 0 | AG78: 0 | AH78: 0 | AI78: 0 | AJ78: 0 | AK78: 0 | AL78: 0 | AM78: 0 | AN78: 0 | AO78: 0 | AP78: 0 | AQ78: 0 | AR78: 0 | AS78: 0 | AT78: 0 | AU78: 0 | AV78: 0 | AW78: 0 | AX78: 0 | AY78: 0 | AZ78: 0 | BA78: 0 | BB78: 0 | BC78: 0 | BD78: 0 | BE78: 0 | BF78: 0 | BG78: 0 | BH78: 0 | BI78: 0 | BJ78: 0 | BK78: 0 | BL78: 0 | BM78: 0 | BN78: 0 | BO78: 0 | BP78: 0 | BQ78: 0 | BR78: 0 | BS78: 0 | BT78: 0 | BU78: 0 | BV78: 0 | BW78: 0 | BX78: 0 | BY78: 0 | BZ78: 0 | CA78: 0 | CB78: 0 | CC78: 0 | CD78: 0 | CE78: 0 | CF78: 0 | CG78: 0 | CH78: 0 | CI78: 0 | CJ78: 0 | CK78: 0 | CL78: 0 | CM78: 0 | CN78: 0 | CO78: 0 | CP78: 0 | CQ78: 0 | CR78: 0 | CS78: 0 | CT78: 0 | CU78: 0 | CV78: 0 | CW78: 0 | CX78: 0 | CY78: 0 | CZ78: 0 | DA78: 0 | DB78: 0 | DC78: 0 | DD78: 0 | DE78: 0 | DF78: 0 | DG78: 0 | DH78: 0 | DI78: 0 | DJ78: 0 | DK78: 0 | DL78: 0 | DM78: 0 | DN78: 0 | DO78: 0 | DP78: 0 | DQ78: 0 | DR78: 0 | DS78: 0 | DT78: 0 | DU78: 0 | DV78: 0 | DW78: 0 | DX78: 0 | DY78: 0 | DZ78: 0 | EA78: 0 | EB78: 0 | EC78: 0 | ED78: 0 | EE78: 0 | EF78: 0 | EG78: 0 | EH78: 0 | EI78: 0 | EJ78: 0 | EK78: 0 | EL78: 0 | EM78: 0 | EN78: 0 | EO78: 0 | EP78: 0 | EQ78: 0 | ER78: 0 | ES78: 0 | ET78: 0 | EU78: 0 | EV78: 0 | EW78: 0 | EX78: 0 | EY78: 0 | EZ78: 0 | FA78: 0 | FB78: 0 | FC78: 0 | FD78: 0 | FE78: 0 | FF78: 0 | FG78: 0 | FH78: 0 | FI78: 0 | FJ78: 0 | FK78: 0 | FL78: 0 | FM78: 0 | FN78: 0 | FO78: 0 | FP78: 0 | FQ78: 0 | FR78: 0 | FS78: 0 | FT78: 0 | FU78: 0 | FV78: 0 | FW78: 0 | FX78: 0 | FY78: 0 | FZ78: 0 | GA78: 0 | GB78: 0 | GC78: 0 | GD78: =IF(AG78+AI78+AK78+A78+AM78+AO78+AQ78+AS78+AU78+AW78+AY78+BA78+BC78+BE78+BG78>0,"DATA","N/A") -> N/A | GE78: N/A | GF78: =IF(BM78+BO78+BQ78+BS78+BY78+CA78+CC78+CE78+CG78+CI78<0,"DATA","N/A") -> N/A
B79: 4 | C79: PH0100000000 | D79: PH0103300000 | E79: PH0103307000 | F79: Region I (Ilocos Region) | G79: La Union | H79: Bauang | I79: 77670 | J79: 0 | K79: 0 | L79: 0 | M79: 0 | N79: 0 | O79: 0 | P79: 0 | Q79: 0 | R79: 0 | S79: 0 | T79: 0 | U79: 0 | V79: 0 | W79: 0 | X79: 0 | Y79: 0 | Z79: 0 | AA79: 0 | AB79: 0 | AC79: 0 | AD79: 0 | AE79: 0 | AF79: 0 | AG79: 0 | AH79: 0 | AI79: 0 | AJ79: 0 | AK79: 0 | AL79: 0 | AM79: 0 | AN79: 0 | AO79: 0 | AP79: 0 | AQ79: 0 | AR79: 0 | AS79: 0 | AT79: 0 | AU79: 0 | AV79: 0 | AW79: 0 | AX79: 0 | AY79: 0 | AZ79: 0 | BA79: 0 | BB79: 0 | BC79: 0 | BD79: 0 | BE79: 0 | BF79: 0 | BG79: 0 | BH79: 0 | BI79: 0 | BJ79: 0 | BK79: 0 | BL79: 0 | BM79: 0 | BN79: 0 | BO79: 0 | BP79: 0 | BQ79: 0 | BR79: 0 | BS79: 0 | BT79: 0 | BU79: 0 | BV79: 0 | BW79: 0 | BX79: 0 | BY79: 0 | BZ79: 0 | CA79: 0 | CB79: 0 | CC79: 0 | CD79: 0 | CE79: 0 | CF79: 0 | CG79: 0 | CH79: 0 | CI79: 0 | CJ79: 0 | CK79: 0 | CL79: 0 | CM79: 0 | CN79: 0 | CO79: 0 | CP79: 0 | CQ79: 0 | CR79: 0 | CS79: 0 | CT79: 0 | CU79: 0 | CV79: 0 | CW79: 0 | CX79: 0 | CY79: 0 | CZ79: 0 | DA79: 0 | DB79: 0 | DC79: 0 | DD79: 0 | DE79: 0 | DF79: 0 | DG79: 0 | DH79: 0 | DI79: 0 | DJ79: 0 | DK79: 0 | DL79: 0 | DM79: 0 | DN79: 0 | DO79: 0 | DP79: 0 | DQ79: 0 | DR79: 0 | DS79: 0 | DT79: 0 | DU79: 0 | DV79: 0 | DW79: 0 | DX79: 0 | DY79: 0 | DZ79: 0 | EA79: 0 | EB79: 0 | EC79: 0 | ED79: 0 | EE79: 0 | EF79: 0 | EG79: 0 | EH79: 0 | EI79: 0 | EJ79: 0 | EK79: 0 | EL79: 0 | EM79: 0 | EN79: 0 | EO79: 0 | EP79: 0 | EQ79: 0 | ER79: 0 | ES79: 0 | ET79: 0 | EU79: 0 | EV79: 0 | EW79: 0 | EX79: 0 | EY79: 0 | EZ79: 0 | FA79: 0 | FB79: 0 | FC79: 0 | FD79: 0 | FE79: 0 | FF79: 0 | FG79: 0 | FH79: 0 | FI79: 0 | FJ79: 0 | FK79: 0 | FL79: 0 | FM79: 0 | FN79: 0 | FO79: 0 | FP79: 0 | FQ79: 0 | FR79: 0 | FS79: 0 | FT79: 0 | FU79: 0 | FV79: 0 | FW79: 0 | FX79: 0 | FY79: 0 | FZ79: 0 | GA79: 0 | GB79: 0 | GC79: 0 | GD79: =IF(AG79+AI79+AK79+A79+AM79+AO79+AQ79+AS79+AU79+AW79+AY79+BA79+BC79+BE79+BG79>0,"DATA","N/A") -> N/A | GE79: N/A | GF79: =IF(BM79+BO79+BQ79+BS79+BY79+CA79+CC79+CE79+CG79+CI79<0,"DATA","N/A") -> N/A
B80: 4 | C80: PH0100000000 | D80: PH0103300000 | E80: PH0103308000 | F80: Region I (Ilocos Region) | G80: La Union | H80: Burgos | I80: 9121 | J80: 0 | K80: 0 | L80: 0 | M80: 0 | N80: 0 | O80: 0 | P80: 0 | Q80: 0 | R80: 0 | S80: 0 | T80: 0 | U80: 0 | V80: 0 | W80: 0 | X80: 0 | Y80: 0 | Z80: 0 | AA80: 0 | AB80: 0 | AC80: 0 | AD80: 0 | AE80: 0 | AF80: 0 | AG80: 0 | AH80: 0 | AI80: 0 | AJ80: 0 | AK80: 0 | AL80: 0 | AM80: 0 | AN80: 0 | AO80: 0 | AP80: 0 | AQ80: 0 | AR80: 0 | AS80: 0 | AT80: 0 | AU80: 0 | AV80: 0 | AW80: 0 | AX80: 0 | AY80: 0 | AZ80: 0 | BA80: 0 | BB80: 0 | BC80: 0 | BD80: 0 | BE80: 0 | BF80: 0 | BG80: 0 | BH80: 0 | BI80: 0 | BJ80: 0 | BK80: 0 | BL80: 0 | BM80: 0 | BN80: 0 | BO80: 0 | BP80: 0 | BQ80: 0 | BR80: 0 | BS80: 0 | BT80: 0 | BU80: 0 | BV80: 0 | BW80: 0 | BX80: 0 | BY80: 0 | BZ80: 0 | CA80: 0 | CB80: 0 | CC80: 0 | CD80: 0 | CE80: 0 | CF80: 0 | CG80: 0 | CH80: 0 | CI80: 0 | CJ80: 0 | CK80: 0 | CL80: 0 | CM80: 0 | CN80: 0 | CO80: 0 | CP80: 0 | CQ80: 0 | CR80: 0 | CS80: 0 | CT80: 0 | CU80: 0 | CV80: 0 | CW80: 0 | CX80: 0 | CY80: 0 | CZ80: 0 | DA80: 0 | DB80: 0 | DC80: 0 | DD80: 0 | DE80: 0 | DF80: 0 | DG80: 0 | DH80: 0 | DI80: 0 | DJ80: 0 | DK80: 0 | DL80: 0 | DM80: 0 | DN80: 0 | DO80: 0 | DP80: 0 | DQ80: 0 | DR80: 0 | DS80: 0 | DT80: 0 | DU80: 0 | DV80: 0 | DW80: 0 | DX80: 0 | DY80: 0 | DZ80: 0 | EA80: 0 | EB80: 0 | EC80: 0 | ED80: 0 | EE80: 0 | EF80: 0 | EG80: 0 | EH80: 0 | EI80: 0 | EJ80: 0 | EK80: 0 | EL80: 0 | EM80: 0 | EN80: 0 | EO80: 0 | EP80: 0 | EQ80: 0 | ER80: 0 | ES80: 0 | ET80: 0 | EU80: 0 | EV80: 0 | EW80: 0 | EX80: 0 | EY80: 0 | EZ80: 0 | FA80: 0 | FB80: 0 | FC80: 0 | FD80: 0 | FE80: 0 | FF80: 0 | FG80: 0 | FH80: 0 | FI80: 0 | FJ80: 0 | FK80: 0 | FL80: 0 | FM80: 0 | FN80: 0 | FO80: 0 | FP80: 0 | FQ80: 0 | FR80: 0 | FS80: 0 | FT80: 0 | FU80: 0 | FV80: 0 | FW80: 0 | FX80: 0 | FY80: 0 | FZ80: 0 | GA80: 0 | GB80: 0 | GC80: 0 | GD80: =IF(AG80+AI80+AK80+A80+AM80+AO80+AQ80+AS80+AU80+AW80+AY80+BA80+BC80+BE80+BG80>0,"DATA","N/A") -> N/A | GE80: N/A | GF80: =IF(BM80+BO80+BQ80+BS80+BY80+CA80+CC80+CE80+CG80+CI80<0,"DATA","N/A") -> N/A
B81: 4 | C81: PH0100000000 | D81: PH0103300000 | E81: PH0103309000 | F81: Region I (Ilocos Region) | G81: La Union | H81: Caba | I81: 23432 | J81: 0 | K81: 0 | L81: 0 | M81: 0 | N81: 0 | O81: 0 | P81: 0 | Q81: 0 | R81: 0 | S81: 0 | T81: 0 | U81: 0 | V81: 0 | W81: 0 | X81: 0 | Y81: 0 | Z81: 0 | AA81: 0 | AB81: 0 | AC81: 0 | AD81: 0 | AE81: 0 | AF81: 0 | AG81: 0 | AH81: 0 | AI81: 0 | AJ81: 0 | AK81: 0 | AL81: 0 | AM81: 0 | AN81: 0 | AO81: 0 | AP81: 0 | AQ81: 0 | AR81: 0 | AS81: 0 | AT81: 0 | AU81: 0 | AV81: 0 | AW81: 0 | AX81: 0 | AY81: 0 | AZ81: 0 | BA81: 0 | BB81: 0 | BC81: 0 | BD81: 0 | BE81: 0 | BF81: 0 | BG81: 0 | BH81: 0 | BI81: 0 | BJ81: 0 | BK81: 0 | BL81: 0 | BM81: 0 | BN81: 0 | BO81: 0 | BP81: 0 | BQ81: 0 | BR81: 0 | BS81: 0 | BT81: 0 | BU81: 0 | BV81: 0 | BW81: 0 | BX81: 0 | BY81: 0 | BZ81: 0 | CA81: 0 | CB81: 0 | CC81: 0 | CD81: 0 | CE81: 0 | CF81: 0 | CG81: 0 | CH81: 0 | CI81: 0 | CJ81: 0 | CK81: 0 | CL81: 0 | CM81: 0 | CN81: 0 | CO81: 0 | CP81: 0 | CQ81: 0 | CR81: 0 | CS81: 0 | CT81: 0 | CU81: 0 | CV81: 0 | CW81: 0 | CX81: 0 | CY81: 0 | CZ81: 0 | DA81: 0 | DB81: 0 | DC81: 0 | DD81: 0 | DE81: 0 | DF81: 0 | DG81: 0 | DH81: 0 | DI81: 0 | DJ81: 0 | DK81: 0 | DL81: 0 | DM81: 0 | DN81: 0 | DO81: 0 | DP81: 0 | DQ81: 0 | DR81: 0 | DS81: 0 | DT81: 0 | DU81: 0 | DV81: 0 | DW81: 0 | DX81: 0 | DY81: 0 | DZ81: 0 | EA81: 0 | EB81: 0 | EC81: 0 | ED81: 0 | EE81: 0 | EF81: 0 | EG81: 0 | EH81: 0 | EI81: 0 | EJ81: 0 | EK81: 0 | EL81: 0 | EM81: 0 | EN81: 0 | EO81: 0 | EP81: 0 | EQ81: 0 | ER81: 0 | ES81: 0 | ET81: 0 | EU81: 0 | EV81: 0 | EW81: 0 | EX81: 0 | EY81: 0 | EZ81: 0 | FA81: 0 | FB81: 0 | FC81: 0 | FD81: 0 | FE81: 0 | FF81: 0 | FG81: 0 | FH81: 0 | FI81: 0 | FJ81: 0 | FK81: 0 | FL81: 0 | FM81: 0 | FN81: 0 | FO81: 0 | FP81: 0 | FQ81: 0 | FR81: 0 | FS81: 0 | FT81: 0 | FU81: 0 | FV81: 0 | FW81: 0 | FX81: 0 | FY81: 0 | FZ81: 0 | GA81: 0 | GB81: 0 | GC81: 0 | GD81: =IF(AG81+AI81+AK81+A81+AM81+AO81+AQ81+AS81+AU81+AW81+AY81+BA81+BC81+BE81+BG81>0,"DATA","N/A") -> N/A | GE81: N/A | GF81: =IF(BM81+BO81+BQ81+BS81+BY81+CA81+CC81+CE81+CG81+CI81<0,"DATA","N/A") -> N/A
B82: 4 | C82: PH0100000000 | D82: PH0103300000 | E82: PH0103310000 | F82: Region I (Ilocos Region) | G82: La Union | H82: Luna | I82: 38076 | J82: 0 | K82: 0 | L82: 0 | M82: 0 | N82: 0 | O82: 0 | P82: 0 | Q82: 0 | R82: 0 | S82: 0 | T82: 0 | U82: 0 | V82: 0 | W82: 0 | X82: 0 | Y82: 0 | Z82: 0 | AA82: 0 | AB82: 0 | AC82: 0 | AD82: 0 | AE82: 0 | AF82: 0 | AG82: 0 | AH82: 0 | AI82: 0 | AJ82: 0 | AK82: 0 | AL82: 0 | AM82: 0 | AN82: 0 | AO82: 0 | AP82: 0 | AQ82: 0 | AR82: 0 | AS82: 0 | AT82: 0 | AU82: 0 | AV82: 0 | AW82: 0 | AX82: 0 | AY82: 0 | AZ82: 0 | BA82: 0 | BB82: 0 | BC82: 0 | BD82: 0 | BE82: 0 | BF82: 0 | BG82: 0 | BH82: 0 | BI82: 0 | BJ82: 0 | BK82: 0 | BL82: 0 | BM82: 0 | BN82: 0 | BO82: 0 | BP82: 0 | BQ82: 0 | BR82: 0 | BS82: 0 | BT82: 0 | BU82: 0 | BV82: 0 | BW82: 0 | BX82: 0 | BY82: 0 | BZ82: 0 | CA82: 0 | CB82: 0 | CC82: 0 | CD82: 0 | CE82: 0 | CF82: 0 | CG82: 0 | CH82: 0 | CI82: 0 | CJ82: 0 | CK82: 0 | CL82: 0 | CM82: 0 | CN82: 0 | CO82: 0 | CP82: 0 | CQ82: 0 | CR82: 0 | CS82: 0 | CT82: 0 | CU82: 0 | CV82: 0 | CW82: 0 | CX82: 0 | CY82: 0 | CZ82: 0 | DA82: 0 | DB82: 0 | DC82: 0 | DD82: 0 | DE82: 0 | DF82: 0 | DG82: 0 | DH82: 0 | DI82: 0 | DJ82: 0 | DK82: 0 | DL82: 0 | DM82: 0 | DN82: 0 | DO82: 0 | DP82: 0 | DQ82: 0 | DR82: 0 | DS82: 0 | DT82: 0 | DU82: 0 | DV82: 0 | DW82: 0 | DX82: 0 | DY82: 0 | DZ82: 0 | EA82: 0 | EB82: 0 | EC82: 0 | ED82: 0 | EE82: 0 | EF82: 0 | EG82: 0 | EH82: 0 | EI82: 0 | EJ82: 0 | EK82: 0 | EL82: 0 | EM82: 0 | EN82: 0 | EO82: 0 | EP82: 0 | EQ82: 0 | ER82: 0 | ES82: 0 | ET82: 0 | EU82: 0 | EV82: 0 | EW82: 0 | EX82: 0 | EY82: 0 | EZ82: 0 | FA82: 0 | FB82: 0 | FC82: 0 | FD82: 0 | FE82: 0 | FF82: 0 | FG82: 0 | FH82: 0 | FI82: 0 | FJ82: 0 | FK82: 0 | FL82: 0 | FM82: 0 | FN82: 0 | FO82: 0 | FP82: 0 | FQ82: 0 | FR82: 0 | FS82: 0 | FT82: 0 | FU82: 0 | FV82: 0 | FW82: 0 | FX82: 0 | FY82: 0 | FZ82: 0 | GA82: 0 | GB82: 0 | GC82: 0 | GD82: =IF(AG82+AI82+AK82+A82+AM82+AO82+AQ82+AS82+AU82+AW82+AY82+BA82+BC82+BE82+BG82>0,"DATA","N/A") -> N/A | GE82: N/A | GF82: =IF(BM82+BO82+BQ82+BS82+BY82+CA82+CC82+CE82+CG82+CI82<0,"DATA","N/A") -> N/A
B83: 4 | C83: PH0100000000 | D83: PH0103300000 | E83: PH0103311000 | F83: Region I (Ilocos Region) | G83: La Union | H83: Naguilian | I83: 53443 | J83: 0 | K83: 0 | L83: 0 | M83: 0 | N83: 0 | O83: 0 | P83: 0 | Q83: 0 | R83: 0 | S83: 0 | T83: 0 | U83: 0 | V83: 0 | W83: 0 | X83: 0 | Y83: 0 | Z83: 0 | AA83: 0 | AB83: 0 | AC83: 0 | AD83: 0 | AE83: 0 | AF83: 0 | AG83: 0 | AH83: 0 | AI83: 0 | AJ83: 0 | AK83: 0 | AL83: 0 | AM83: 0 | AN83: 0 | AO83: 0 | AP83: 0 | AQ83: 0 | AR83: 0 | AS83: 0 | AT83: 0 | AU83: 0 | AV83: 0 | AW83: 0 | AX83: 0 | AY83: 0 | AZ83: 0 | BA83: 0 | BB83: 0 | BC83: 0 | BD83: 0 | BE83: 0 | BF83: 0 | BG83: 0 | BH83: 0 | BI83: 0 | BJ83: 0 | BK83: 0 | BL83: 0 | BM83: 0 | BN83: 0 | BO83: 0 | BP83: 0 | BQ83: 0 | BR83: 0 | BS83: 0 | BT83: 0 | BU83: 0 | BV83: 0 | BW83: 0 | BX83: 0 | BY83: 0 | BZ83: 0 | CA83: 0 | CB83: 0 | CC83: 0 | CD83: 0 | CE83: 0 | CF83: 0 | CG83: 0 | CH83: 0 | CI83: 0 | CJ83: 0 | CK83: 0 | CL83: 0 | CM83: 0 | CN83: 0 | CO83: 0 | CP83: 0 | CQ83: 0 | CR83: 0 | CS83: 0 | CT83: 0 | CU83: 0 | CV83: 0 | CW83: 0 | CX83: 0 | CY83: 0 | CZ83: 0 | DA83: 0 | DB83: 0 | DC83: 0 | DD83: 0 | DE83: 0 | DF83: 0 | DG83: 0 | DH83: 0 | DI83: 0 | DJ83: 0 | DK83: 0 | DL83: 0 | DM83: 0 | DN83: 0 | DO83: 0 | DP83: 0 | DQ83: 0 | DR83: 0 | DS83: 0 | DT83: 0 | DU83: 0 | DV83: 0 | DW83: 0 | DX83: 0 | DY83: 0 | DZ83: 0 | EA83: 0 | EB83: 0 | EC83: 0 | ED83: 0 | EE83: 0 | EF83: 0 | EG83: 0 | EH83: 0 | EI83: 0 | EJ83: 0 | EK83: 0 | EL83: 0 | EM83: 0 | EN83: 0 | EO83: 0 | EP83: 0 | EQ83: 0 | ER83: 0 | ES83: 0 | ET83: 0 | EU83: 0 | EV83: 0 | EW83: 0 | EX83: 0 | EY83: 0 | EZ83: 0 | FA83: 0 | FB83: 0 | FC83: 0 | FD83: 0 | FE83: 0 | FF83: 0 | FG83: 0 | FH83: 0 | FI83: 0 | FJ83: 0 | FK83: 0 | FL83: 0 | FM83: 0 | FN83: 0 | FO83: 0 | FP83: 0 | FQ83: 0 | FR83: 0 | FS83: 0 | FT83: 0 | FU83: 0 | FV83: 0 | FW83: 0 | FX83: 0 | FY83: 0 | FZ83: 0 | GA83: 0 | GB83: 0 | GC83: 0 | GD83: =IF(AG83+AI83+AK83+A83+AM83+AO83+AQ83+AS83+AU83+AW83+AY83+BA83+BC83+BE83+BG83>0,"DATA","N/A") -> N/A | GE83: N/A | GF83: =IF(BM83+BO83+BQ83+BS83+BY83+CA83+CC83+CE83+CG83+CI83<0,"DATA","N/A") -> N/A
B84: 4 | C84: PH0100000000 | D84: PH0103300000 | E84: PH0103312000 | F84: Region I (Ilocos Region) | G84: La Union | H84: Pugo | I84: 19107 | J84: 0 | K84: 0 | L84: 0 | M84: 0 | N84: 0 | O84: 0 | P84: 0 | Q84: 0 | R84: 0 | S84: 0 | T84: 0 | U84: 0 | V84: 0 | W84: 0 | X84: 0 | Y84: 0 | Z84: 0 | AA84: 0 | AB84: 0 | AC84: 0 | AD84: 0 | AE84: 0 | AF84: 0 | AG84: 0 | AH84: 0 | AI84: 0 | AJ84: 0 | AK84: 0 | AL84: 0 | AM84: 0 | AN84: 0 | AO84: 0 | AP84: 0 | AQ84: 0 | AR84: 0 | AS84: 0 | AT84: 0 | AU84: 0 | AV84: 0 | AW84: 0 | AX84: 0 | AY84: 0 | AZ84: 0 | BA84: 0 | BB84: 0 | BC84: 0 | BD84: 0 | BE84: 0 | BF84: 0 | BG84: 0 | BH84: 0 | BI84: 0 | BJ84: 0 | BK84: 0 | BL84: 0 | BM84: 0 | BN84: 0 | BO84: 0 | BP84: 0 | BQ84: 0 | BR84: 0 | BS84: 0 | BT84: 0 | BU84: 0 | BV84: 0 | BW84: 0 | BX84: 0 | BY84: 0 | BZ84: 0 | CA84: 0 | CB84: 0 | CC84: 0 | CD84: 0 | CE84: 0 | CF84: 0 | CG84: 0 | CH84: 0 | CI84: 0 | CJ84: 0 | CK84: 0 | CL84: 0 | CM84: 0 | CN84: 0 | CO84: 0 | CP84: 0 | CQ84: 0 | CR84: 0 | CS84: 0 | CT84: 0 | CU84: 0 | CV84: 0 | CW84: 0 | CX84: 0 | CY84: 0 | CZ84: 0 | DA84: 0 | DB84: 0 | DC84: 0 | DD84: 0 | DE84: 0 | DF84: 0 | DG84: 0 | DH84: 0 | DI84: 0 | DJ84: 0 | DK84: 0 | DL84: 0 | DM84: 0 | DN84: 0 | DO84: 0 | DP84: 0 | DQ84: 0 | DR84: 0 | DS84: 0 | DT84: 0 | DU84: 0 | DV84: 0 | DW84: 0 | DX84: 0 | DY84: 0 | DZ84: 0 | EA84: 0 | EB84: 0 | EC84: 0 | ED84: 0 | EE84: 0 | EF84: 0 | EG84: 0 | EH84: 0 | EI84: 0 | EJ84: 0 | EK84: 0 | EL84: 0 | EM84: 0 | EN84: 0 | EO84: 0 | EP84: 0 | EQ84: 0 | ER84: 0 | ES84: 0 | ET84: 0 | EU84: 0 | EV84: 0 | EW84: 0 | EX84: 0 | EY84: 0 | EZ84: 0 | FA84: 0 | FB84: 0 | FC84: 0 | FD84: 0 | FE84: 0 | FF84: 0 | FG84: 0 | FH84: 0 | FI84: 0 | FJ84: 0 | FK84: 0 | FL84: 0 | FM84: 0 | FN84: 0 | FO84: 0 | FP84: 0 | FQ84: 0 | FR84: 0 | FS84: 0 | FT84: 0 | FU84: 0 | FV84: 0 | FW84: 0 | FX84: 0 | FY84: 0 | FZ84: 0 | GA84: 0 | GB84: 0 | GC84: 0 | GD84: =IF(AG84+AI84+AK84+A84+AM84+AO84+AQ84+AS84+AU84+AW84+AY84+BA84+BC84+BE84+BG84>0,"DATA","N/A") -> N/A | GE84: N/A | GF84: =IF(BM84+BO84+BQ84+BS84+BY84+CA84+CC84+CE84+CG84+CI84<0,"DATA","N/A") -> N/A
B85: 4 | C85: PH0100000000 | D85: PH0103300000 | E85: PH0103313000 | F85: Region I (Ilocos Region) | G85: La Union | H85: Rosario | I85: 58797 | J85: 0 | K85: 0 | L85: 0 | M85: 0 | N85: 0 | O85: 0 | P85: 0 | Q85: 0 | R85: 0 | S85: 0 | T85: 0 | U85: 0 | V85: 0 | W85: 0 | X85: 0 | Y85: 0 | Z85: 0 | AA85: 0 | AB85: 0 | AC85: 0 | AD85: 0 | AE85: 0 | AF85: 0 | AG85: 0 | AH85: 0 | AI85: 0 | AJ85: 0 | AK85: 0 | AL85: 0 | AM85: 0 | AN85: 0 | AO85: 0 | AP85: 0 | AQ85: 0 | AR85: 0 | AS85: 0 | AT85: 0 | AU85: 0 | AV85: 0 | AW85: 0 | AX85: 0 | AY85: 0 | AZ85: 0 | BA85: 0 | BB85: 0 | BC85: 0 | BD85: 0 | BE85: 0 | BF85: 0 | BG85: 0 | BH85: 0 | BI85: 0 | BJ85: 0 | BK85: 0 | BL85: 0 | BM85: 0 | BN85: 0 | BO85: 0 | BP85: 0 | BQ85: 0 | BR85: 0 | BS85: 0 | BT85: 0 | BU85: 0 | BV85: 0 | BW85: 0 | BX85: 0 | BY85: 0 | BZ85: 0 | CA85: 0 | CB85: 0 | CC85: 0 | CD85: 0 | CE85: 0 | CF85: 0 | CG85: 0 | CH85: 0 | CI85: 0 | CJ85: 0 | CK85: 0 | CL85: 0 | CM85: 0 | CN85: 0 | CO85: 0 | CP85: 0 | CQ85: 0 | CR85: 0 | CS85: 0 | CT85: 0 | CU85: 0 | CV85: 0 | CW85: 0 | CX85: 0 | CY85: 0 | CZ85: 0 | DA85: 0 | DB85: 0 | DC85: 0 | DD85: 0 | DE85: 0 | DF85: 0 | DG85: 0 | DH85: 0 | DI85: 0 | DJ85: 0 | DK85: 0 | DL85: 0 | DM85: 0 | DN85: 0 | DO85: 0 | DP85: 0 | DQ85: 0 | DR85: 0 | DS85: 0 | DT85: 0 | DU85: 0 | DV85: 0 | DW85: 0 | DX85: 0 | DY85: 0 | DZ85: 0 | EA85: 0 | EB85: 0 | EC85: 0 | ED85: 0 | EE85: 0 | EF85: 0 | EG85: 0 | EH85: 0 | EI85: 0 | EJ85: 0 | EK85: 0 | EL85: 0 | EM85: 0 | EN85: 0 | EO85: 0 | EP85: 0 | EQ85: 0 | ER85: 0 | ES85: 0 | ET85: 0 | EU85: 0 | EV85: 0 | EW85: 0 | EX85: 0 | EY85: 0 | EZ85: 0 | FA85: 0 | FB85: 0 | FC85: 0 | FD85: 0 | FE85: 0 | FF85: 0 | FG85: 0 | FH85: 0 | FI85: 0 | FJ85: 0 | FK85: 0 | FL85: 0 | FM85: 0 | FN85: 0 | FO85: 0 | FP85: 0 | FQ85: 0 | FR85: 0 | FS85: 0 | FT85: 0 | FU85: 0 | FV85: 0 | FW85: 0 | FX85: 0 | FY85: 0 | FZ85: 0 | GA85: 0 | GB85: 0 | GC85: 0 | GD85: =IF(AG85+AI85+AK85+A85+AM85+AO85+AQ85+AS85+AU85+AW85+AY85+BA85+BC85+BE85+BG85>0,"DATA","N/A") -> N/A | GE85: N/A | GF85: =IF(BM85+BO85+BQ85+BS85+BY85+CA85+CC85+CE85+CG85+CI85<0,"DATA","N/A") -> N/A
... B92: 4 | C92: PH0100000000 | D92: PH0103300000 | E92: PH0103320000 | F92: Region I (Ilocos Region) | G92: La Union | H92: Tubao | I92: 31868 | J92: 0 | K92: 0 | L92: 0 | M92: 0 | N92: 0 | O92: 0 | P92: 0 | Q92: 0 | R92: 0 | S92: 0 | T92: 0 | U92: 0 | V92: 0 | W92: 0 | X92: 0 | Y92: 0 | Z92: 0 | AA92: 0 | AB92: 0 | AC92: 0 | AD92: 0 | AE92: 0 | AF92: 0 | AG92: 0 | AH92: 0 | AI92: 0 | AJ92: 0 | AK92: 0 | AL92: 0 | AM92: 0 | AN92: 0 | AO92: 0 | AP92: 0 | AQ92: 0 | AR92: 0 | AS92: 0 | AT92: 0 | AU92: 0 | AV92: 0 | AW92: 0 | AX92: 0 | AY92: 0 | AZ92: 0 | BA92: 0 | BB92: 0 | BC92: 0 | BD92: 0 | BE92: 0 | BF92: 0 | BG92: 0 | BH92: 0 | BI92: 0 | BJ92: 0 | BK92: 0 | BL92: 0 | BM92: 0 | BN92: 0 | BO92: 0 | BP92: 0 | BQ92: 0 | BR92: 0 | BS92: 0 | BT92: 0 | BU92: 0 | BV92: 0 | BW92: 0 | BX92: 0 | BY92: 0 | BZ92: 0 | CA92: 0 | CB92: 0 | CC92: 0 | CD92: 0 | CE92: 0 | CF92: 0 | CG92: 0 | CH92: 0 | CI92: 0 | CJ92: 0 | CK92: 0 | CL92: 0 | CM92: 0 | CN92: 0 | CO92: 0 | CP92: 0 | CQ92: 0 | CR92: 0 | CS92: 0 | CT92: 0 | CU92: 0 | CV92: 0 | CW92: 0 | CX92: 0 | CY92: 0 | CZ92: 0 | DA92: 0 | DB92: 0 | DC92: 0 | DD92: 0 | DE92: 0 | DF92: 0 | DG92: 0 | DH92: 0 | DI92: 0 | DJ92: 0 | DK92: 0 | DL92: 0 | DM92: 0 | DN92: 0 | DO92: 0 | DP92: 0 | DQ92: 0 | DR92: 0 | DS92: 0 | DT92: 0 | DU92: 0 | DV92: 0 | DW92: 0 | DX92: 0 | DY92: 0 | DZ92: 0 | EA92: 0 | EB92: 0 | EC92: 0 | ED92: 0 | EE92: 0 | EF92: 0 | EG92: 0 | EH92: 0 | EI92: 0 | EJ92: 0 | EK92: 0 | EL92: 0 | EM92: 0 | EN92: 0 | EO92: 0 | EP92: 0 | EQ92: 0 | ER92: 0 | ES92: 0 | ET92: 0 | EU92: 0 | EV92: 0 | EW92: 0 | EX92: 0 | EY92: 0 | EZ92: 0 | FA92: 0 | FB92: 0 | FC92: 0 | FD92: 0 | FE92: 0 | FF92: 0 | FG92: 0 | FH92: 0 | FI92: 0 | FJ92: 0 | FK92: 0 | FL92: 0 | FM92: 0 | FN92: 0 | FO92: 0 | FP92: 0 | FQ92: 0 | FR92: 0 | FS92: 0 | FT92: 0 | FU92: 0 | FV92: 0 | FW92: 0 | FX92: 0 | FY92: 0 | FZ92: 0 | GA92: 0 | GB92: 0 | GC92: 0 | GD92: =IF(AG92+AI92+AK92+A92+AM92+AO92+AQ92+AS92+AU92+AW92+AY92+BA92+BC92+BE92+BG92>0,"DATA","N/A") -> N/A | GE92: N/A | GF92: =IF(BM92+BO92+BQ92+BS92+BY92+CA92+CC92+CE92+CG92+CI92<0,"DATA","N/A") -> N/A
B93: 3 | C93: PH0100000000 | F93: Region I (Ilocos Region) | H93: Pangasinan | I93: =SUM(I94,I95,I96,I97,I98,I99,I100,I101,I102,I103,I104,I105,I106,I107,I108,I109,I110,I111,I112,I113,I114,I115,I116,I117,I118,I119,I120,I121,I122,I123,I124,I125,I126,I127,I128,I129,I130,I131,I132,I133,I134,I135,I136,I137,I138,I139,I140,I141) -> 3161545 | J93: =SUM(J94,J95,J96,J97,J98,J99,J100,J101,J102,J103,J104,J105,J106,J107,J108,J109,J110,J111,J112,J113,J114,J115,J116,J117,J118,J119,J120,J121,J122,J123,J124,J125,J126,J127,J128,J129,J130,J131,J132,J133,J134,J135,J136,J137,J138,J139,J140,J141) -> 15 | K93: =SUM(K94,K95,K96,K97,K98,K99,K100,K101,K102,K103,K104,K105,K106,K107,K108,K109,K110,K111,K112,K113,K114,K115,K116,K117,K118,K119,K120,K121,K122,K123,K124,K125,K126,K127,K128,K129,K130,K131,K132,K133,K134,K135,K136,K137,K138,K139,K140,K141) -> 1094 | L93: =SUM(L94,L95,L96,L97,L98,L99,L100,L101,L102,L103,L104,L105,L106,L107,L108,L109,L110,L111,L112,L113,L114,L115,L116,L117,L118,L119,L120,L121,L122,L123,L124,L125,L126,L127,L128,L129,L130,L131,L132,L133,L134,L135,L136,L137,L138,L139,L140,L141) -> 2709 | M93: =SUM(M94,M95,M96,M97,M98,M99,M100,M101,M102,M103,M104,M105,M106,M107,M108,M109,M110,M111,M112,M113,M114,M115,M116,M117,M118,M119,M120,M121,M122,M123,M124,M125,M126,M127,M128,M129,M130,M131,M132,M133,M134,M135,M136,M137,M138,M139,M140,M141) -> 1 | N93: =SUM(N94,N95,N96,N97,N98,N99,N100,N101,N102,N103,N104,N105,N106,N107,N108,N109,N110,N111,N112,N113,N114,N115,N116,N117,N118,N119,N120,N121,N122,N123,N124,N125,N126,N127,N128,N129,N130,N131,N132,N133,N134,N135,N136,N137,N138,N139,N140,N141) -> 0 | O93: =SUM(O94,O95,O96,O97,O98,O99,O100,O101,O102,O103,O104,O105,O106,O107,O108,O109,O110,O111,O112,O113,O114,O115,O116,O117,O118,O119,O120,O121,O122,O123,O124,O125,O126,O127,O128,O129,O130,O131,O132,O133,O134,O135,O136,O137,O138,O139,O140,O141) -> 0 | R93: =SUM(R94,R95,R96,R97,R98,R99,R100,R101,R102,R103,R104,R105,R106,R107,R108,R109,R110,R111,R112,R113,R114,R115,R116,R117,R118,R119,R120,R121,R122,R123,R124,R125,R126,R127,R128,R129,R130,R131,R132,R133,R134,R135,R136,R137,R138,R139,R140,R141) -> 0 | S93: =SUM(S94,S95,S96,S97,S98,S99,S100,S101,S102,S103,S104,S105,S106,S107,S108,S109,S110,S111,S112,S113,S114,S115,S116,S117,S118,S119,S120,S121,S122,S123,S124,S125,S126,S127,S128,S129,S130,S131,S132,S133,S134,S135,S136,S137,S138,S139,S140,S141) -> 0 | T93: =SUM(T94,T95,T96,T97,T98,T99,T100,T101,T102,T103,T104,T105,T106,T107,T108,T109,T110,T111,T112,T113,T114,T115,T116,T117,T118,T119,T120,T121,T122,T123,T124,T125,T126,T127,T128,T129,T130,T131,T132,T133,T134,T135,T136,T137,T138,T139,T140,T141) -> 0 | U93: =SUM(U94,U95,U96,U97,U98,U99,U100,U101,U102,U103,U104,U105,U106,U107,U108,U109,U110,U111,U112,U113,U114,U115,U116,U117,U118,U119,U120,U121,U122,U123,U124,U125,U126,U127,U128,U129,U130,U131,U132,U133,U134,U135,U136,U137,U138,U139,U140,U141) -> 0 | V93: =SUM(V94,V95,V96,V97,V98,V99,V100,V101,V102,V103,V104,V105,V106,V107,V108,V109,V110,V111,V112,V113,V114,V115,V116,V117,V118,V119,V120,V121,V122,V123,V124,V125,V126,V127,V128,V129,V130,V131,V132,V133,V134,V135,V136,V137,V138,V139,V140,V141) -> 0 | W93: =SUM(W94,W95,W96,W97,W98,W99,W100,W101,W102,W103,W104,W105,W106,W107,W108,W109,W110,W111,W112,W113,W114,W115,W116,W117,W118,W119,W120,W121,W122,W123,W124,W125,W126,W127,W128,W129,W130,W131,W132,W133,W134,W135,W136,W137,W138,W139,W140,W141) -> 0 | X93: =SUM(X94,X95,X96,X97,X98,X99,X100,X101,X102,X103,X104,X105,X106,X107,X108,X109,X110,X111,X112,X113,X114,X115,X116,X117,X118,X119,X120,X121,X122,X123,X124,X125,X126,X127,X128,X129,X130,X131,X132,X133,X134,X135,X136,X137,X138,X139,X140,X141) -> 0 | Y93: =SUM(Y94,Y95,Y96,Y97,Y98,Y99,Y100,Y101,Y102,Y103,Y104,Y105,Y106,Y107,Y108,Y109,Y110,Y111,Y112,Y113,Y114,Y115,Y116,Y117,Y118,Y119,Y120,Y121,Y122,Y123,Y124,Y125,Y126,Y127,Y128,Y129,Y130,Y131,Y132,Y133,Y134,Y135,Y136,Y137,Y138,Y139,Y140,Y141) -> 0 | ... FK93: =SUM(FK94,FK95,FK96,FK97,FK98,FK99,FK100,FK101,FK102,FK103,FK104,FK105,FK106,FK107,FK108,FK109,FK110,FK111,FK112,FK113,FK114,FK115,FK116,FK117,FK118,FK119,FK120,FK121,FK122,FK123,FK124,FK125,FK126,FK127,FK128,FK129,FK130,FK131,FK132,FK133,FK134,FK135,FK136,FK137,FK138,FK139,FK140,FK141) -> 0 | FM93: =SUM(FM94,FM95,FM96,FM97,FM98,FM99,FM100,FM101,FM102,FM103,FM104,FM105,FM106,FM107,FM108,FM109,FM110,FM111,FM112,FM113,FM114,FM115,FM116,FM117,FM118,FM119,FM120,FM121,FM122,FM123,FM124,FM125,FM126,FM127,FM128,FM129,FM130,FM131,FM132,FM133,FM134,FM135,FM136,FM137,FM138,FM139,FM140,FM141) -> 0 | FN93: =SUM(FN94,FN95,FN96,FN97,FN98,FN99,FN100,FN101,FN102,FN103,FN104,FN105,FN106,FN107,FN108,FN109,FN110,FN111,FN112,FN113,FN114,FN115,FN116,FN117,FN118,FN119,FN120,FN121,FN122,FN123,FN124,FN125,FN126,FN127,FN128,FN129,FN130,FN131,FN132,FN133,FN134,FN135,FN136,FN137,FN138,FN139,FN140,FN141) -> 0 | FP93: =SUM(FP94,FP95,FP96,FP97,FP98,FP99,FP100,FP101,FP102,FP103,FP104,FP105,FP106,FP107,FP108,FP109,FP110,FP111,FP112,FP113,FP114,FP115,FP116,FP117,FP118,FP119,FP120,FP121,FP122,FP123,FP124,FP125,FP126,FP127,FP128,FP129,FP130,FP131,FP132,FP133,FP134,FP135,FP136,FP137,FP138,FP139,FP140,FP141) -> 0 | FQ93: =SUM(FQ94,FQ95,FQ96,FQ97,FQ98,FQ99,FQ100,FQ101,FQ102,FQ103,FQ104,FQ105,FQ106,FQ107,FQ108,FQ109,FQ110,FQ111,FQ112,FQ113,FQ114,FQ115,FQ116,FQ117,FQ118,FQ119,FQ120,FQ121,FQ122,FQ123,FQ124,FQ125,FQ126,FQ127,FQ128,FQ129,FQ130,FQ131,FQ132,FQ133,FQ134,FQ135,FQ136,FQ137,FQ138,FQ139,FQ140,FQ141) -> 0 | FR93: =SUM(FR94,FR95,FR96,FR97,FR98,FR99,FR100,FR101,FR102,FR103,FR104,FR105,FR106,FR107,FR108,FR109,FR110,FR111,FR112,FR113,FR114,FR115,FR116,FR117,FR118,FR119,FR120,FR121,FR122,FR123,FR124,FR125,FR126,FR127,FR128,FR129,FR130,FR131,FR132,FR133,FR134,FR135,FR136,FR137,FR138,FR139,FR140,FR141) -> 0 | FS93: =SUM(FS94,FS95,FS96,FS97,FS98,FS99,FS100,FS101,FS102,FS103,FS104,FS105,FS106,FS107,FS108,FS109,FS110,FS111,FS112,FS113,FS114,FS115,FS116,FS117,FS118,FS119,FS120,FS121,FS122,FS123,FS124,FS125,FS126,FS127,FS128,FS129,FS130,FS131,FS132,FS133,FS134,FS135,FS136,FS137,FS138,FS139,FS140,FS141) -> 0 | FT93: =SUM(FT94,FT95,FT96,FT97,FT98,FT99,FT100,FT101,FT102,FT103,FT104,FT105,FT106,FT107,FT108,FT109,FT110,FT111,FT112,FT113,FT114,FT115,FT116,FT117,FT118,FT119,FT120,FT121,FT122,FT123,FT124,FT125,FT126,FT127,FT128,FT129,FT130,FT131,FT132,FT133,FT134,FT135,FT136,FT137,FT138,FT139,FT140,FT141) -> 0 | FU93: =SUM(FU94,FU95,FU96,FU97,FU98,FU99,FU100,FU101,FU102,FU103,FU104,FU105,FU106,FU107,FU108,FU109,FU110,FU111,FU112,FU113,FU114,FU115,FU116,FU117,FU118,FU119,FU120,FU121,FU122,FU123,FU124,FU125,FU126,FU127,FU128,FU129,FU130,FU131,FU132,FU133,FU134,FU135,FU136,FU137,FU138,FU139,FU140,FU141) -> 0 | FV93: =SUM(FV94,FV95,FV96,FV97,FV98,FV99,FV100,FV101,FV102,FV103,FV104,FV105,FV106,FV107,FV108,FV109,FV110,FV111,FV112,FV113,FV114,FV115,FV116,FV117,FV118,FV119,FV120,FV121,FV122,FV123,FV124,FV125,FV126,FV127,FV128,FV129,FV130,FV131,FV132,FV133,FV134,FV135,FV136,FV137,FV138,FV139,FV140,FV141) -> 0 | FW93: =SUM(FW94,FW95,FW96,FW97,FW98,FW99,FW100,FW101,FW102,FW103,FW104,FW105,FW106,FW107,FW108,FW109,FW110,FW111,FW112,FW113,FW114,FW115,FW116,FW117,FW118,FW119,FW120,FW121,FW122,FW123,FW124,FW125,FW126,FW127,FW128,FW129,FW130,FW131,FW132,FW133,FW134,FW135,FW136,FW137,FW138,FW139,FW140,FW141) -> 0 | ... GC93: =SUM(GC94,GC95,GC96,GC97,GC98,GC99,GC100,GC101,GC102,GC103,GC104,GC105,GC106,GC107,GC108,GC109,GC110,GC111,GC112,GC113,GC114,GC115,GC116,GC117,GC118,GC119,GC120,GC121,GC122,GC123,GC124,GC125,GC126,GC127,GC128,GC129,GC130,GC131,GC132,GC133,GC134,GC135,GC136,GC137,GC138,GC139,GC140,GC141) -> 79564 | GD93: =IF(AG93+AI93+AK93+A93+AM93+AO93+AQ93+AS93+AU93+AW93+AY93+BA93+BC93+BE93+BG93>0,"DATA","N/A") -> N/A | GE93: DATA | GF93: =IF(BM93+BO93+BQ93+BS93+BY93+CA93+CC93+CE93+CG93+CI93<0,"DATA","N/A") -> N/A
B94: 4 | C94: PH0100000000 | D94: PH0105500000 | E94: PLGU Pangasinan | F94: Region I (Ilocos Region) | G94: Pangasinan | H94: PLGU Pangasinan | I94: ='REGION I'!F$711 -> 0 | J94: ='REGION I'!I$711 -> 0 | K94: ='REGION I'!J$711 -> 0 | L94: ='REGION I'!K$711 -> 0 | M94: ='REGION I'!L$711 -> 0 | N94: ='REGION I'!M$711 -> 0 | O94: ='REGION I'!N$711 -> 0 | P94: ='REGION I'!O$711 -> 0 | Q94: ='REGION I'!P$711 -> 0 | R94: ='REGION I'!T$711 -> 0 | S94: ='REGION I'!U$711 -> 0 | T94: ='REGION I'!V$711 -> 0 | U94: ='REGION I'!W$711 -> 0 | V94: ='REGION I'!X$711 -> 0 | W94: ='REGION I'!Y$711 -> 0 | X94: ='REGION I'!Z$711 -> 0 | Y94: ='REGION I'!AA$711 -> 0 | ... ED94: ='REGION I'!EF$711 -> 0 | EE94: ='REGION I'!EH$711 -> 0 | EF94: ='REGION I'!EI$711 -> 0 | EG94: ='REGION I'!EK$711 -> 0 | EH94: ='REGION I'!EL$711 -> 0 | EI94: ='REGION I'!EN$711 -> 0 | EJ94: ='REGION I'!EO$711 -> 0 | EK94: ='REGION I'!EQ$711 -> 0 | EL94: ='REGION I'!ER$711 -> 0 | EM94: ='REGION I'!ES$711 -> 0 | EN94: ='REGION I'!EU$711 -> 0 | EO94: ='REGION I'!EV$711 -> 0 | EP94: ='REGION I'!EX$711 -> 0 | EQ94: ='REGION I'!EY$711 -> 0 | ER94: ='REGION I'!FA$711 -> 0 | ES94: ='REGION I'!FB$711 -> 0 | ET94: ='REGION I'!FD$711 -> 0 | EU94: ='REGION I'!FE$711 -> 0 | EV94: ='REGION I'!FG$711 -> 0 | EW94: ='REGION I'!FH$711 -> 0 | EX94: ='REGION I'!FJ$711 -> 0 | EY94: ='REGION I'!FK$711 -> 0 | EZ94: ='REGION I'!FM$711 -> 0 | FA94: ='REGION I'!FN$711 -> 0 | FB94: ='REGION I'!FP$711 -> 0 | FC94: ='REGION I'!FQ$711 -> 0 | FD94: ='REGION I'!FS$711 -> 0 | FE94: ='REGION I'!FT$711 -> 0 | FF94: ='REGION I'!FV$711 -> 0 | FG94: ='REGION I'!FW$711 -> 0 | FH94: ='REGION I'!FX$711 -> 0 | FI94: ='REGION I'!FZ$711 -> 0 | FJ94: ='REGION I'!GA$711 -> 0 | FK94: ='REGION I'!GB$711 -> 0 | FL94: ='REGION I'!GC$711 -> 0 | FM94: ='REGION I'!GD$711 -> 0 | FN94: ='REGION I'!GE$711 -> 0 | FO94: ='REGION I'!GF$711 -> 0 | FP94: ='REGION I'!GG$711 -> 0 | ... FV94: ='REGION I'!GM$711 -> 0 | FW94: =SUM(FM94,FP94,FR94,FT94,FV94) -> 0 | FX94: ='REGION I'!GO$711 -> 0 | FY94: ='REGION I'!GS$711 -> 0 | FZ94: ='REGION I'!GT$711 -> 0 | GA94: ='REGION I'!GU$711 -> 0 | GB94: ='REGION I'!GV$711 -> 0 | GC94: ='REGION I'!GW$711 -> 0 | GD94: =IF(AG94+AI94+AK94+A94+AM94+AO94+AQ94+AS94+AU94+AW94+AY94+BA94+BC94+BE94+BG94>0,"DATA","N/A") -> N/A | GE94: N/A | GF94: =IF(BM94+BO94+BQ94+BS94+BY94+CA94+CC94+CE94+CG94+CI94<0,"DATA","N/A") -> N/A
